id,domain,status,purchase_price,renewal_price,attractiveness,demand,length,registrar,created_at,expires_at,status_verified_at
5ec75e7f-73c9-44ae-850d-4408c490dc9a,lorna.makeup,available,1.24,13.97,medium,low,5,spaceship,,,29/09/2026 15:29
4286d28f-b204-421f-8450-a2c04440631d,flying.makeup,available,1.99,17.29,high,low,6,namesilo,,,24/09/2026 17:17
528a8a7c-027b-49f3-94c7-90f5dfb52c48,holdup.makeup,available,1.99,17.29,medium,low,6,namesilo,,,20/09/2026 06:37
667b14ee-903d-4ae9-a759-7ef35718afd8,avon.makeup,premium,2660,2660,high,low,4,namesilo,,,28/09/2026 23:31
53fdba11-c1dc-4fbe-bedc-a00a5bde7926,organiser.makeup,available,1.99,17.29,high,low,9,namesilo,,,20/09/2026 08:46
e6a0e134-eb87-496d-a603-e67e4533cc94,heck.makeup,available,1.99,17.29,high,low,4,namesilo,,,01/10/2026 01:34
8e59a917-32fa-4be8-ac0e-81b58198fc4c,negev.makeup,available,1.99,14.45,medium,low,5,dynadot,,,30/09/2026 18:10
ab1bc4e6-40b8-47e6-b230-295dce39caa4,destinations.makeup,available,1.99,17.29,high,low,12,namesilo,,,20/09/2026 11:44
6cda4331-856b-4eaa-a3d6-2c11275b24ab,figurative.makeup,available,1.99,17.29,medium,low,10,namesilo,,,19/09/2026 14:22
72eecd71-1cb6-4ec5-b320-899a05132c1a,aconcagua.makeup,available,1.99,17.29,medium,low,9,namesilo,,,17/09/2026 02:04
91d5eb81-cf6e-487e-8a3b-f555d120a524,jug.makeup,available,1.99,14.45,high,low,3,dynadot,,,29/09/2026 12:28
1443e6a6-71c0-4a97-85a6-70d833490e33,finished.makeup,available,1.8,21.98,high,low,8,namecheap,,,24/09/2026 18:27
49ea2a6c-ffa9-456f-bec7-aaa69145cf86,razorbill.makeup,available,1.99,17.29,medium,low,9,namesilo,,,18/09/2026 03:39
d8662c0f-3fb4-4c00-b581-edc7ed2c7aee,rove.makeup,available,1.8,21.98,high,low,4,namecheap,,,10/09/2026 22:12
0940d5d2-bf4a-4921-b777-4826380432bd,recounts.makeup,available,1.54,14.21,medium,low,8,porkbun,,,30/09/2026 16:23
ae307df0-1d9e-4539-973f-d7ab5d377ee2,wittingly.makeup,available,1.8,21.98,medium,low,9,namecheap,,,15/09/2026 10:32
0df4eff4-d27e-44e2-95a4-095cf08b9040,homy.makeup,available,1.8,19.98,medium,low,4,namecheap,,,21/08/2026 11:08
4c49568e-bae5-4a4f-b2d1-e2a3f337b7c0,goldfish.makeup,available,1.8,21.98,high,low,8,namecheap,,,24/09/2026 12:44
b08f904d-dcd1-468f-aebe-c53b0f820d70,ozarks.makeup,available,1.99,17.29,medium,low,6,namesilo,,,01/10/2026 03:12
0f1e335a-1b82-4647-b2b5-91990934e18c,flexible.makeup,available,1.8,21.98,high,low,8,namecheap,,,23/09/2026 18:12
f33f9402-9c1f-441b-a445-6bece58c69cb,betsy.makeup,available,1.99,17.29,medium,low,5,namesilo,,,27/09/2026 07:40
8f2adae3-154d-43a5-8a2c-fa6593057dd4,sheboygan.makeup,available,1.24,13.97,medium,low,9,spaceship,,,30/09/2026 05:39
d584e9d5-d583-4abd-914f-e9c7acda20ee,hellas.makeup,available,1.99,17.29,high,low,6,namesilo,,,01/10/2026 23:43
2a1f1cc6-09c7-4ce8-b137-321aba5ffb63,warming.makeup,available,1.8,19.98,high,low,7,namecheap,,,11/08/2026 14:09
43201b1e-07c4-4460-beba-ceb8d59a8ca4,blender.makeup,available,1.99,17.29,high,low,7,namesilo,,,24/09/2026 05:44
9053079f-1727-4c4e-af19-e6e50f9879de,departmental.makeup,available,1.99,14.45,medium,low,12,dynadot,,,30/09/2026 14:39
38047b10-bf98-40f8-a737-7946d0cc8135,oslo.makeup,available,1.99,17.29,high,low,4,namesilo,,,29/09/2026 06:45
09447183-d6f1-4eb5-b0a2-ccec206ee802,descendant.makeup,available,1.8,19.98,high,low,10,namecheap,,,14/08/2026 03:14
8eff0cf7-7416-49aa-9031-a46f3e220fa4,astrakhan.makeup,available,1.99,17.29,medium,low,9,namesilo,,,20/09/2026 17:31
f481ebe2-349d-4b59-a13b-58959cb57b91,earthlike.makeup,available,1.8,19.98,medium,low,9,namecheap,,,14/08/2026 22:40
605dff9e-680d-4fc1-924a-a9a53c3b30bd,salisbury.makeup,available,1.99,17.29,high,low,9,namesilo,,,24/09/2026 12:37
705ec7cd-60be-4069-bf29-67ec5b18421f,labored.makeup,available,1.8,19.98,medium,low,7,namecheap,,,22/08/2026 17:34
b0e48ca7-8fc7-4d30-bee0-63e6c98fa36d,wipe.makeup,available,1.24,13.97,high,low,4,spaceship,,,27/09/2026 16:23
4fbe372d-fdf6-49fe-bd70-7fc266cc1ad5,tulip.makeup,available,1.99,14.45,high,low,5,dynadot,,,30/09/2026 19:03
ece0feef-e909-4bf6-8f87-68a1bdda9479,publicly.makeup,available,1.99,17.29,medium,low,8,namesilo,,,28/09/2026 15:37
afa30a39-11dd-41f9-b819-abe9f7a58188,baste.makeup,available,1.99,17.29,medium,low,5,namesilo,,,22/09/2026 12:43
ec02c8d0-fc2a-4278-8372-f7beaf280c0c,atf.makeup,available,1.8,21.98,high,low,3,namecheap,,,20/09/2026 20:14
f71383e1-9219-4f50-aa72-379f58bfe2e2,tomorrows.makeup,available,1.99,17.29,medium,low,9,namesilo,,,21/09/2026 09:58
e7b1ddab-d177-4eed-9c0a-f5db928c51e9,maiden.makeup,available,1.8,19.98,high,low,6,namecheap,,,22/08/2026 05:32
1374f820-5488-4e35-95de-0d9417d652c0,hunted.makeup,available,1.8,19.98,medium,low,6,namecheap,,,21/08/2026 15:43
f595bc26-b4b4-4645-8871-7963d81445a2,allotment.makeup,available,1.99,17.29,high,low,9,namesilo,,,18/09/2026 11:46
7ce50fcb-aec1-4d48-b9f9-b6e94f7db574,tacit.makeup,available,1.8,21.98,high,low,5,namecheap,,,11/09/2026 06:56
0a283e9c-acb0-4d07-b0f0-3b1700fb45bd,loading.makeup,available,1.99,17.29,high,low,7,namesilo,,,24/09/2026 12:57
7723395c-d9c9-4d57-b0fa-f09cda1a5819,punic.makeup,available,1.8,19.98,medium,low,5,namecheap,,,11/08/2026 19:51
4f01e059-a1a4-492d-a083-c163bc3930e1,voss.makeup,available,1.54,14.21,medium,low,4,porkbun,,,29/09/2026 03:14
33d390c5-6b61-4b53-9deb-128e5e8b99cc,bluntly.makeup,available,1.8,21.98,medium,low,7,namecheap,,,14/09/2026 00:39
3cee6806-4b82-43b6-b095-0dea0106c227,theist.makeup,available,1.8,21.98,medium,low,6,namecheap,,,11/09/2026 12:37
b3139cd0-607c-40a7-bf21-a388f27b243a,recruitment.makeup,available,1.8,21.98,high,low,11,namecheap,,,29/09/2026 15:56
970abae6-e340-4131-b779-62c8ff259344,birdsong.makeup,available,1.8,21.98,high,low,8,namecheap,,,23/09/2026 20:37
0ef8636f-4cfc-4933-9b9c-144c4459c9c1,unprovable.makeup,available,1.8,21.98,medium,low,10,namecheap,,,12/09/2026 17:29
655543ea-26e3-48ba-8247-52e5f87b3117,chill.makeup,available,1.8,21.98,high,low,5,namecheap,,,23/09/2026 23:04
1cd2aa7c-ef4c-4b3c-aa89-3ed2d7321573,define.makeup,available,1.99,17.29,high,low,6,namesilo,,,24/09/2026 05:41
ceddbfcd-2fef-4b8c-9ed8-612d71741652,low.makeup,available,1.99,17.29,high,low,3,namesilo,,,21/09/2026 13:54
04eb3e51-96ec-43eb-8058-823824dede62,tuba.makeup,available,1.99,17.29,high,low,4,namesilo,,,22/09/2026 11:52
f1225be8-4e4d-46bd-a86a-52b1ceeffc13,topically.makeup,available,1.99,17.29,medium,low,9,namesilo,,,16/09/2026 09:16
f26df267-69ef-4261-a1e6-a1f5795dfe73,brewster.makeup,available,1.24,13.97,medium,low,8,spaceship,,,28/09/2026 11:34
00239945-d37a-471b-87b1-0a0dcb0dd3e6,assist.makeup,available,1.99,17.29,high,low,6,namesilo,,,17/09/2026 20:44
96c00b39-f6bb-457f-9069-bb8e70f99608,paid.makeup,available,1.8,19.98,high,low,4,namecheap,,,18/08/2026 19:32
5b0a9fe9-f20b-4846-a3e0-de2f60d19c03,sanctified.makeup,available,1.8,21.98,high,medium,10,namecheap,,,09/09/2026 21:10
946554ff-ac05-418c-99cb-e7cdcb21a64d,venture.makeup,available,1.99,17.29,high,medium,7,namesilo,,,29/09/2026 06:12
d5fe091b-37e2-4526-b7c7-1180f6f57a05,tanning.makeup,available,1.8,19.98,high,low,7,namecheap,,,22/08/2026 20:14
1d34f274-7b01-4dc7-b83d-28a1ca74d5d2,carboxylic.makeup,available,1.8,19.98,medium,low,10,namecheap,,,11/08/2026 18:46
1d9b4661-c9a8-4b12-9090-696cc0654e0a,kat.makeup,available,1.99,17.29,high,low,3,namesilo,,,17/09/2026 15:23
a6b14835-fdfe-4b1f-9a40-351bf470269a,opposed.makeup,available,1.8,21.98,high,low,7,namecheap,,,04/09/2026 16:45
745388f9-2921-4339-8ce3-6d2a6ca90211,calamity.makeup,available,1.99,14.45,medium,low,8,dynadot,,,30/09/2026 16:33
53514cf3-c08b-4492-893f-de393b10f36b,bbc.makeup,premium,845,845,high,medium,3,namecheap,,,19/09/2026 05:43
5032253e-b4f8-48d5-a83b-072d54eeca49,peregrine.makeup,premium,2500,2500,medium,low,9,name.com,,,25/08/2026 02:20
2161fe7f-83c8-4f73-ad95-3fd670405f7e,reunions.makeup,available,1.99,17.29,medium,low,8,namesilo,,,21/09/2026 08:16
dc5b9649-0016-48c9-af05-05b3a8a137a6,tangle.makeup,available,1.8,21.98,high,low,6,namecheap,,,25/09/2026 17:42
db17ba45-1821-4000-9a6c-e1a427ddc619,sailor.makeup,available,1.99,17.29,high,low,6,namesilo,,,29/09/2026 03:02
f5486cd1-b0cc-4699-84d5-560d785fdd24,pit.makeup,available,1.99,17.29,high,low,3,namesilo,,,24/09/2026 13:22
46e47628-70e3-4b0a-83ba-4677da2d9723,choice.makeup,available,1.99,17.29,high,low,6,namesilo,,,22/09/2026 02:45
a51ee6a0-374e-42fd-b1d3-08e3cc6c5a7a,partner.makeup,available,1.99,17.29,high,low,7,namesilo,,,23/09/2026 11:42
f8f0c860-e977-47fa-b9f1-e76568857802,ladies.makeup,resell,,,high,low,6,"Spaceship, Inc.",06/07/2026 02:26,06/07/2027 23:59,26/09/2026 07:07
2fffeadf-fa1c-433f-a1f7-353065cbafb0,homeland.makeup,available,1.24,13.97,medium,low,8,spaceship,,,28/09/2026 09:28
41143804-c2ea-4896-857a-44ec9ebcb890,smithsonian.makeup,available,1.99,17.29,high,low,11,namesilo,,,25/09/2026 12:40
553c92dd-54af-40c8-b53e-47d23a7e4213,arriviste.makeup,available,1.8,21.98,medium,low,9,namecheap,,,03/09/2026 22:17
9bc5ad34-b32d-4bb4-a38a-f6e7a93676bc,scs.makeup,available,1.8,21.98,high,low,3,namecheap,,,30/09/2026 12:47
e8d7e130-60be-4a76-9356-513b4d539136,ambassadors.makeup,available,1.54,14.21,medium,low,11,porkbun,,,30/09/2026 15:27
770bb35c-0461-498e-9244-592559528159,trainee.makeup,available,1.24,13.97,high,low,7,spaceship,,,29/09/2026 20:32
c7cf5900-1ba2-4b62-8006-0fff64daf032,bosomed.makeup,available,1.8,19.98,medium,low,7,namecheap,,,10/08/2026 20:23
24164ab4-e1a2-4427-b97e-bbc86c27505f,baths.makeup,available,1.24,13.97,high,low,5,spaceship,,,28/09/2026 23:22
7238d8f6-4fdc-4af8-904c-6cdc697e754f,soundly.makeup,available,1.8,21.98,medium,low,7,namecheap,,,16/09/2026 05:34
907544a3-5e96-4463-bce0-f0125eb92305,pouf.makeup,available,1.8,21.98,high,low,4,namecheap,,,09/09/2026 08:13
a6ccbb3f-0e5c-49eb-a915-7603fd980233,penicillin.makeup,available,1.99,17.29,high,low,10,namesilo,,,30/09/2026 10:50
2d78cc64-693c-48a1-a45f-34d256b07006,aldrich.makeup,available,1.8,21.98,medium,low,7,namecheap,,,28/09/2026 04:14
b893967e-8e89-4812-818c-d3f7b0d00ac5,nys.makeup,available,1.24,13.97,high,low,3,spaceship,,,29/09/2026 15:44
30ca94ff-bab4-45a3-b68f-77cff7e1af50,harriman.makeup,available,1.99,17.29,medium,low,8,namesilo,,,21/09/2026 09:11
1f92aef0-019f-49fd-bd7d-463e52b3fb5b,vitalizing.makeup,available,1.8,19.98,medium,low,10,namecheap,,,23/08/2026 01:35
ed9dad41-a0ce-4e8f-80b5-71fc5d2eab21,likewise.makeup,available,1.99,17.29,high,low,8,namesilo,,,22/09/2026 00:06
525ae7bd-c6fd-4552-b6ee-1514bbded9b9,incurred.makeup,available,1.99,17.29,medium,low,8,namesilo,,,02/10/2026 01:21
d5add9ae-64c2-4d42-b251-570ee7575608,regulars.makeup,available,1.8,21.98,medium,low,8,namecheap,,,30/09/2026 15:46
ce0dd9db-5cd9-4fbc-a3a1-e55acea756e8,paleozoic.makeup,available,1.8,21.98,medium,low,9,namecheap,,,04/09/2026 23:39
587a485f-b769-4816-a422-15f72ee370b9,delectable.makeup,premium,2500,2500,high,low,10,name.com,,,14/08/2026 00:21
7ba3cab8-9f35-4bd7-9f03-1eae20f1ee72,sternberg.makeup,available,1.24,13.97,medium,low,9,spaceship,,,29/09/2026 15:45
3b925730-bd09-4891-a941-639dc4c6d95a,hammock.makeup,available,1.24,13.97,high,low,7,spaceship,,,01/10/2026 02:23
1cae9aaf-59b7-4af7-a803-d240127f2c3d,lovecraft.makeup,available,1.54,14.21,medium,low,9,porkbun,,,01/10/2026 23:57
c3c15b8e-eba9-4763-aec6-a4a932da6e8a,establishments.makeup,available,1.65,15.75,medium,low,14,namesilo,,,
575840da-aca8-46ee-9ac6-6505648fcd6b,toe.makeup,available,1.99,17.29,medium,low,3,namesilo,,,30/09/2026 13:18
6b501451-95a7-4840-8b84-67f6d4ad26a7,heinous.makeup,available,1.8,19.98,medium,low,7,namecheap,,,18/08/2026 06:18
4ad9f1d6-da4f-414e-8471-b8a2a6fbc2ad,phrenetic.makeup,available,1.8,19.98,medium,low,9,namecheap,,,18/08/2026 14:19
3ed267be-51dd-4a59-9e29-66eb9adfdb1e,accomplished.makeup,available,1.99,17.29,high,low,12,namesilo,,,30/09/2026 21:49
4eae9cc2-e123-441d-9417-a7383f8bc791,miniature.makeup,available,1.8,19.98,high,low,9,namecheap,,,24/08/2026 23:48
3d504499-9d38-421d-af49-f111fcf011c2,creeps.makeup,available,1.99,14.45,medium,low,6,dynadot,,,01/10/2026 01:37
e084876e-a184-4f22-bb0f-df9dd2b2edd8,atomic.makeup,available,1.8,21.98,high,medium,6,namecheap,,,22/09/2026 11:03
35194507-9881-4dbf-9be9-8e9c2bb72e74,testosterone.makeup,available,1.99,14.45,high,low,12,dynadot,,,29/09/2026 10:23
1155c6d9-8ebb-410e-8249-1eb3960d3c22,enterprises.makeup,available,1.8,21.98,medium,low,11,namecheap,,,29/09/2026 11:23
357d7fd3-3963-4771-8f73-7d52df357775,gormless.makeup,available,1.8,19.98,low,low,8,namecheap,,,18/08/2026 20:48
022d98a9-bbe7-4a3d-ac2c-24800e130e06,sot.makeup,available,1.8,19.98,medium,low,3,namecheap,,,14/08/2026 20:22
28ddb5a0-0219-42c6-828f-674d4352f803,lynn.makeup,premium,832,832,high,low,4,namesilo,,,27/09/2026 07:20
31e1313c-c17c-45cc-b017-a5c5cc3c2b5a,formations.makeup,available,1.99,17.29,medium,low,10,namesilo,,,01/10/2026 15:37
2ff1bc08-25ba-4b4a-934b-56ff7d866a83,bud.makeup,available,1.99,17.29,high,low,3,namesilo,,,29/09/2026 04:58
ebd60f1a-9ceb-4e67-b662-ea0c5e5e93e9,plough.makeup,available,1.99,17.29,medium,low,6,namesilo,,,23/09/2026 14:29
c14e7eb1-3ad3-47e3-a99a-151b51c22895,wiggler.makeup,available,1.8,21.98,medium,low,7,namecheap,,,19/09/2026 06:38
3acc5d50-2182-4768-8945-456cd3fea4d7,blinds.makeup,available,1.24,13.97,medium,low,6,spaceship,,,30/09/2026 14:43
fc915337-47b0-405a-8549-3562aaac50af,auditions.makeup,available,1.99,17.29,medium,low,9,namesilo,,,30/09/2026 16:27
0a241f35-225f-4fc5-b8ea-557a524200f7,serpentine.makeup,available,1.8,21.98,medium,low,10,namecheap,,,10/09/2026 04:45
72e19b2a-a3ab-4da3-be96-e904cb3fda2f,fearing.makeup,available,1.99,17.29,medium,low,7,namesilo,,,30/09/2026 15:26
6f3b6b88-8ab7-4558-a03b-ea4e5b4eac63,hymie.makeup,available,1.8,21.98,high,medium,5,namecheap,,,10/09/2026 06:16
69899875-5c4c-4f50-8b90-798fdbef6d5b,tense.makeup,available,1.8,21.98,high,low,5,namecheap,,,11/09/2026 11:26
e99fe5ff-f46b-4145-9e54-1267e37e1b9f,megalithic.makeup,available,1.8,19.98,medium,low,10,namecheap,,,24/08/2026 19:24
bb68ccf7-b6ab-4d27-af1e-a2d8cd26e258,comparable.makeup,available,1.99,17.29,high,low,10,namesilo,,,23/09/2026 16:34
6fdb279c-8a83-4b56-a04d-0d1813136520,poses.makeup,available,1.99,17.29,medium,low,5,namesilo,,,29/09/2026 17:20
ad379040-2a1b-4c6a-bafd-2827c3b2559a,perfectly.makeup,available,1.24,13.97,high,low,9,spaceship,,,28/09/2026 11:37
8254e845-1782-4335-a2b8-f872cd42641d,heretofore.makeup,available,1.8,21.98,medium,low,10,namecheap,,,13/09/2026 21:50
c42529af-75f4-47ae-b4cd-e7a606e94c6a,wta.makeup,available,1.99,14.45,high,low,3,dynadot,,,30/09/2026 21:03
4707ab41-e97f-4c93-b37d-6eab286e6f9f,disrupting.makeup,available,1.99,14.45,medium,low,10,dynadot,,,01/10/2026 23:05
8c7ff3f0-5342-4a49-8a32-09b17514edbd,aside.makeup,available,1.54,14.21,high,low,5,porkbun,,,28/09/2026 12:23
dede46ee-c82b-4eb2-bcc5-c1ee6ffef864,exe.makeup,available,1.54,14.21,high,low,3,porkbun,,,01/10/2026 06:45
1a68f94a-8db0-4535-997f-f9264dffb87f,specifically.makeup,available,1.99,17.29,high,low,12,namesilo,,,26/09/2026 00:54
baf373ab-c5c5-41b5-91f9-c79ff7aa9456,torrent.makeup,available,1.99,17.29,high,low,7,namesilo,,,24/09/2026 16:04
5b389786-2e89-4fb8-bc2a-fd792ab82263,holders.makeup,available,1.99,17.29,medium,low,7,namesilo,,,30/09/2026 16:18
f3102bc2-adba-4fde-a21c-cdcf8710bc62,whitefield.makeup,available,1.24,13.97,high,low,10,spaceship,,,01/10/2026 11:42
721fcc81-93b4-4708-8b24-f78511b95661,factions.makeup,available,1.99,25.99,medium,low,8,godaddy,,,01/10/2026 00:34
ff5990aa-8d42-4b85-87dc-3a657be3c32e,forgery.makeup,available,1.8,19.98,medium,low,7,namecheap,,,13/08/2026 03:36
885f7be3-d47b-4793-b11b-f04a107dd294,detour.makeup,available,1.24,13.97,high,low,6,spaceship,,,29/09/2026 14:19
799e8bd2-fc67-4fe4-9d1f-8db3be4fbca7,sevastopol.makeup,available,1.54,14.21,medium,low,10,porkbun,,,30/09/2026 18:36
accc2894-9e3f-4951-b720-1fd7c6a3a9bd,multilingual.makeup,available,1.24,13.97,high,low,12,spaceship,,,29/09/2026 20:52
4dcad63b-fad7-4b88-8bb0-bf36f2da9911,chickens.makeup,available,1.99,17.29,medium,low,8,namesilo,,,27/09/2026 22:56
8a9d6c82-7f3c-4b44-be31-7c02c1f4face,shattuck.makeup,available,1.24,13.97,high,low,8,spaceship,,,01/10/2026 23:38
9d6d76c1-15df-420d-a138-ca3510970781,mei.makeup,premium,832,832,high,low,3,namesilo,,,28/09/2026 10:10
24d07953-3335-4270-b32f-abf38bb0b7a0,horsehead.makeup,available,1.8,21.98,medium,low,9,namecheap,,,20/09/2026 21:40
a39d43a8-d8df-4945-aa8e-c0f0e1386f86,communist.makeup,available,1.99,17.29,high,low,9,namesilo,,,23/09/2026 16:14
ba7127c5-5f96-480e-bcd2-815cdcc73d05,darkening.makeup,available,1.99,20.99,medium,low,9,name.com,,,13/08/2026 18:10
1d08176b-f996-4331-839f-14dc099712e4,ots.makeup,available,1.99,17.29,high,low,3,namesilo,,,01/10/2026 07:34
5303dae2-7682-434c-b32d-f7983c40649c,badmouth.makeup,available,1.8,19.98,medium,low,8,namecheap,,,24/08/2026 14:04
c9835596-ea6f-4aae-8ff1-2402dc119ba7,autotroph.makeup,available,1.99,17.29,medium,low,9,namesilo,,,21/09/2026 07:36
a2dab5f4-4fa7-46ff-b5ff-098cd49823d3,brazos.makeup,available,1.24,13.97,medium,low,6,spaceship,,,29/09/2026 18:04
962006d4-4b98-475b-8462-23bfb21746f5,aigret.makeup,available,1.99,20.99,medium,low,6,name.com,,,17/09/2026 20:56
b7008d8a-d300-44de-9f9f-7bfccd177aa7,flora.makeup,available,1.99,14.45,high,low,5,dynadot,,,30/09/2026 08:47
a262b9c6-fe7e-46f2-9279-4dee65012488,secondary.makeup,available,1.8,21.98,high,low,9,namecheap,,,25/09/2026 12:14
d66f17a6-b5b8-44da-be7c-00dc051c5973,comstock.makeup,available,1.8,21.98,high,low,8,namecheap,,,19/09/2026 13:40
ca38a1d3-ba10-4b4a-8492-237dce6d42ed,effectively.makeup,available,1.24,13.97,medium,low,11,spaceship,,,01/10/2026 04:53
51152a95-d968-4356-be4f-4d30290839ed,compliments.makeup,available,1.54,14.21,high,low,11,porkbun,,,29/09/2026 17:00
88d09898-0232-4746-90f3-fcdfc0e92742,browse.makeup,premium,2070.2,2070.2,high,low,6,spaceship,,,29/09/2026 04:39
03ed58a4-9baa-4ef1-96a7-bae601ef5c88,twain.makeup,available,1.99,17.29,medium,low,5,namesilo,,,02/10/2026 04:28
44dd2b4d-16e5-4660-9d4b-20be844c93c6,grainger.makeup,premium,2660,2660,high,medium,8,namesilo,,,30/09/2026 09:54
a15d4cc8-7ad2-4320-9093-36cb25fa3bb6,aphasia.makeup,available,1.8,21.98,medium,low,7,namecheap,,,19/09/2026 16:53
1764d320-0dd3-41ac-8688-3d85ac760e12,unrivaled.makeup,available,1.8,19.98,high,low,9,namecheap,,,24/08/2026 17:06
fb206ef2-70c4-4077-bc65-8ee0764d0ae1,heartland.makeup,available,1.99,17.29,high,low,9,namesilo,,,02/10/2026 05:11
e63b910f-1bf1-4b19-a802-4e9d1f18b206,armada.makeup,available,1.24,13.97,high,low,6,spaceship,,,28/09/2026 22:05
90cdbfd5-7198-4884-a995-d2e159f5462b,antibody.makeup,available,1.99,17.29,high,low,8,namesilo,,,19/09/2026 14:14
55d1f390-033d-4742-afc6-fd9f6b46a0ad,rotfl.makeup,available,1.65,15.75,medium,low,5,namesilo,,,
d03799e1-240d-4889-8a22-4a62f6fa05df,sideline.makeup,available,1.99,17.29,high,low,8,namesilo,,,21/09/2026 09:42
6dbfdcb3-937e-41ec-9191-20206597e3b0,surrounded.makeup,available,1.8,19.98,high,low,10,namecheap,,,16/08/2026 22:16
4f98c16c-7410-4d14-84c3-6fbaed3225b7,inbox.makeup,premium,710.1,710.1,high,medium,5,porkbun,,,01/10/2026 02:34
43d59585-39e9-4914-88c3-ed284518a45d,sfc.makeup,available,1.8,21.98,high,low,3,namecheap,,,30/09/2026 20:58
8bd19498-c3ec-408f-96cc-e83d842dfd80,omen.makeup,available,1.99,17.29,high,low,4,namesilo,,,27/09/2026 07:13
cccf0c01-22eb-420c-aaaf-c154606917d5,vagrant.makeup,available,1.8,19.98,high,low,7,namecheap,,,14/08/2026 19:18
f5b1d394-2231-453f-bd6b-94f573c907f8,ovary.makeup,available,1.99,17.29,high,low,5,namesilo,,,01/10/2026 03:11
2026fc4d-ad48-46ef-b666-d33e72da4974,sarcasm.makeup,available,1.99,17.29,high,low,7,namesilo,,,24/09/2026 13:16
107fd29e-da46-4e82-9666-65af0352f5bd,crescendo.makeup,available,1.8,19.98,high,low,9,namecheap,,,13/08/2026 06:09
1ee1cf73-f01f-48da-9f7f-3bda4c8f6d34,genially.makeup,available,1.8,21.98,medium,low,8,namecheap,,,13/09/2026 17:52
99c1e4d5-0d9a-4986-9d25-0389953d9263,annexe.makeup,available,1.99,17.29,high,low,6,namesilo,,,19/09/2026 10:24
41bfa425-0db5-4aae-84bb-af0566317dd0,chosen.makeup,available,1.8,19.98,high,low,6,namecheap,,,16/08/2026 02:32
fa52c3ff-2961-4f61-95c4-da5dd6d0dc6e,alpaca.makeup,available,1.8,21.98,high,low,6,namecheap,,,18/09/2026 13:31
66d39c59-bb39-459a-844c-e1d708a0ebaf,workable.makeup,available,1.8,19.98,high,low,8,namecheap,,,17/08/2026 16:53
4d568aed-4afd-409d-8ba1-66fba5c31bbb,misused.makeup,available,1.8,19.98,medium,low,7,namecheap,,,25/08/2026 01:56
7571aa60-1f70-4b43-8e9d-f0a7353d7980,rapturous.makeup,available,1.8,19.98,high,low,9,namecheap,,,14/08/2026 23:48
311ee21f-a873-4184-9dd3-362cc5f15483,hayseed.makeup,available,1.8,19.98,medium,low,7,namecheap,,,21/08/2026 08:05
728a643b-edc4-4022-9d8b-72526dae7399,drool.makeup,available,1.99,17.29,high,low,5,namesilo,,,21/09/2026 23:48
96499f9e-c1ff-4c9f-9f44-178c85a7c8f4,avenger.makeup,available,1.99,17.29,high,low,7,namesilo,,,21/09/2026 08:56
ca4d7557-0a31-4ed7-ba2f-db23028e6ee9,ought.makeup,available,1.99,17.29,high,low,5,namesilo,,,01/10/2026 04:34
62ca70d2-89c6-4f41-8e08-b1774ba0f945,animals.makeup,available,1.99,,high,low,7,name.com,,,
49aa62e7-89f9-421d-a908-4799d64cee85,meeter.makeup,available,1.99,17.29,medium,low,6,namesilo,,,21/09/2026 01:27
553028b0-7436-4e17-9ede-40b966cb7fcb,cot.makeup,available,1.99,17.29,high,low,3,namesilo,,,29/09/2026 06:09
3393bde1-7f8b-4285-90e1-8150950383f5,morose.makeup,available,1.8,19.98,medium,low,6,namecheap,,,20/08/2026 15:01
9b4f86f8-aa86-4dfb-bb81-debf18d68720,efficiency.makeup,available,1.24,13.97,high,low,10,spaceship,,,30/09/2026 13:30
80b4ae9b-4f9f-4301-9ed8-e51391a4b4ef,clovers.makeup,available,1.99,17.29,medium,low,7,namesilo,,,21/09/2026 06:52
8a584679-4f37-44b8-b177-44c0a780f0fe,valladolid.makeup,available,1.24,13.97,medium,low,10,spaceship,,,29/09/2026 22:02
070c713d-64df-47b6-b0fd-4c233810272d,project.makeup,premium,2070.2,2070.2,high,medium,7,spaceship,,,01/10/2026 17:40
d77d681b-92fc-4bad-908d-d6cad20b9d8b,airhead.makeup,available,1.99,17.29,high,low,7,namesilo,,,17/09/2026 23:11
664c9001-d8ba-4656-9c54-948f053dc37e,attractive.makeup,available,1.8,21.98,high,low,10,namecheap,,,22/09/2026 11:44
f35cb7ad-448b-4244-a7a6-e672050c50ac,unnoted.makeup,available,1.8,21.98,medium,low,7,namecheap,,,04/09/2026 21:08
1f3976d2-d490-4e40-8bdf-e957d2702ebf,varied.makeup,available,1.99,17.29,medium,low,6,namesilo,,,28/09/2026 10:09
fde1c626-6eb5-4563-a219-7c04510b3102,sunshade.makeup,available,1.8,21.98,high,low,8,namecheap,,,21/09/2026 10:14
b432de52-38fc-4483-870f-4a97a8fc58d4,maguey.makeup,available,1.99,17.29,medium,low,6,namesilo,,,17/09/2026 16:37
1ed20ad6-c07a-4f94-b487-f33ecdce8e55,diesel.makeup,premium,2200,2200,high,low,6,dynadot,,,28/09/2026 09:31
343e725e-fdcc-4add-83ab-a0ebe3cc6759,registers.makeup,available,1.99,25.99,low,low,9,godaddy,,,01/10/2026 00:08
f9261bed-4e35-4d51-b2a2-eb3e104a4c00,belem.makeup,available,1.99,17.29,medium,low,5,namesilo,,,23/09/2026 04:51
43bda0da-7428-45ba-aede-e8714eace905,lavinia.makeup,available,1.99,17.29,high,low,7,namesilo,,,30/09/2026 05:09
2f702b6b-03d6-41c0-97d6-3a3433656a2f,ashby.makeup,available,1.99,17.29,medium,low,5,namesilo,,,28/09/2026 16:37
37d53046-eccf-48a1-8b1d-f4e0194898e9,cannily.makeup,available,1.8,21.98,medium,low,7,namecheap,,,14/09/2026 05:10
03736dcf-2c0d-4bb4-b192-bfcfbff33e19,paying.makeup,available,1.99,17.29,high,low,6,namesilo,,,24/09/2026 22:11
0caf2cae-13e7-4a45-abd3-9eb9c9bc1ad2,terminate.makeup,available,1.24,13.97,medium,low,9,spaceship,,,28/09/2026 14:01
87f8b9d5-892d-46cd-9319-b4ae0fc9a127,reflex.makeup,available,1.8,21.98,high,low,6,namecheap,,,27/09/2026 11:10
34c76b9a-53d3-4caa-b3ec-0e9cebb65fde,investor.makeup,available,1.99,17.29,high,medium,8,namesilo,,,01/10/2026 14:20
1dc9ae37-dc77-4128-b76c-14eb2986d9d2,coughing.makeup,available,1.24,13.97,medium,low,8,spaceship,,,29/09/2026 18:29
127cc046-a744-40df-894e-6dcdc6cea9fa,bastion.makeup,available,1.99,17.29,high,low,7,namesilo,,,22/09/2026 12:50
3cc94ac3-6dd1-475e-ac90-c8539a93855d,journeyman.makeup,available,1.99,14.45,medium,low,10,dynadot,,,28/09/2026 22:18
a876e511-0296-4d35-b434-52df4eae36f7,interesting.makeup,available,1.24,13.97,high,low,11,spaceship,,,01/10/2026 02:24
53e03c8a-1975-4d11-af0b-addba5057776,earful.makeup,available,1.99,17.29,medium,low,6,namesilo,,,22/09/2026 17:11
fecf5e6f-868e-462e-b310-b3d43f2c5947,pigment.makeup,available,1.24,13.97,high,low,7,spaceship,,,01/10/2026 21:10
71b0e4c3-f3e0-423b-93aa-7a588a38eb28,framing.makeup,available,1.54,14.21,high,low,7,porkbun,,,29/09/2026 01:00
06146f38-4fc0-4829-a5b1-47935938ba0a,galileo.makeup,available,1.24,13.97,high,low,7,spaceship,,,29/09/2026 12:27
d4bd6f3a-ea4e-4f2f-a764-7e5e5121e1de,barong.makeup,available,1.99,17.29,medium,low,6,namesilo,,,22/09/2026 07:38
531e7505-483a-4a53-9abd-dff6c543fb01,stench.makeup,available,1.54,14.21,medium,low,6,porkbun,,,02/10/2026 04:49
5623743c-ae0d-44ed-bef1-8813072d291d,mfa.makeup,available,1.24,13.97,high,low,3,spaceship,,,28/09/2026 10:20
9f0b2350-3c8f-4bd2-ba14-519cfda15566,acetone.makeup,available,1.99,17.29,high,low,7,namesilo,,,17/09/2026 00:07
8697aa87-a946-40ea-90b8-20d334204b2f,honored.makeup,available,1.8,19.98,high,low,7,namecheap,,,17/08/2026 13:25
bbc28307-6252-42c8-b006-49f53ef06f53,nantucket.makeup,available,1.24,13.97,medium,low,9,spaceship,,,28/09/2026 19:57
6b077f9c-7d44-4295-815d-372866df055b,walden.makeup,available,1.99,17.29,medium,low,6,namesilo,,,27/09/2026 08:12
7ef98a03-7534-4719-a95b-9727b02c87c4,caesarea.makeup,available,1.99,17.29,medium,low,8,namesilo,,,30/09/2026 08:53
324ca21b-c131-4b8c-aa15-500b3d9a5abc,renewal.makeup,available,1.99,17.29,high,low,7,namesilo,,,30/09/2026 09:20
2cb6881a-8f11-486a-bd43-a90e13e46c4c,adumbrate.makeup,available,1.8,19.98,medium,low,9,namecheap,,,22/08/2026 08:33
17d8277e-8857-43b1-b45d-21f9fb94c7e0,done.makeup,available,1.99,17.29,high,low,4,namesilo,,,24/09/2026 11:39
2bc80cd8-51d1-464d-b269-a83a7010e0bc,phocine.makeup,available,1.8,21.98,medium,low,7,namecheap,,,08/09/2026 18:58
de5a77ad-aae5-449d-9b2a-015a850f06d9,oasis.makeup,premium,2070.2,2070.2,high,medium,5,spaceship,,,29/09/2026 07:10
c72f1356-da6e-4dea-873b-51cf8b8606f9,affliction.makeup,available,1.99,17.29,medium,low,10,namesilo,,,17/09/2026 14:39
70f74a38-3e55-4601-b865-10929843ccc8,pare.makeup,available,1.8,21.98,high,low,4,namecheap,,,11/09/2026 20:00
f3324aa8-25a8-46cb-962b-2e0f30eb4e8c,noc.makeup,available,1.99,17.29,high,low,3,namesilo,,,01/10/2026 03:06
03693d34-e80c-44f9-850f-1083f1407873,untested.makeup,available,1.8,21.98,medium,low,8,namecheap,,,12/09/2026 21:13
d8d64754-137d-4f28-af04-cbdacbc612f0,percussion.makeup,available,1.99,14.45,high,low,10,dynadot,,,30/09/2026 18:19
df016415-bdd7-4f44-b10e-a9828545117a,maui.makeup,available,1.99,17.29,high,low,4,namesilo,,,28/09/2026 02:23
a9903dd1-b180-4c64-a426-cec49fe50335,demosthenes.makeup,available,1.99,17.29,medium,low,11,namesilo,,,01/10/2026 09:49
ad616aae-9628-4f2a-aa71-eb265b0b6932,spells.makeup,available,1.99,17.29,medium,low,6,namesilo,,,28/09/2026 08:59
5586abd4-5ee4-441d-a883-e72ec1b83d8e,castilla.makeup,available,1.24,13.97,high,low,8,spaceship,,,01/10/2026 18:55
270ee098-7a58-4dd0-8b17-2a84ce147bc8,firebug.makeup,available,1.8,19.98,medium,low,7,namecheap,,,22/08/2026 00:57
bd32f450-acd0-444e-9316-014e995b4420,sleeved.makeup,available,1.8,21.98,high,low,7,namecheap,,,10/09/2026 10:43
cb8051b6-df33-4726-b590-b5a210e65c93,selflessly.makeup,available,1.8,21.98,medium,low,10,namecheap,,,13/09/2026 19:23
39e4dd3f-a74b-4958-840d-2cc8f3aa9eae,extradition.makeup,available,1.99,14.45,medium,low,11,dynadot,,,01/10/2026 15:51
2b0afce1-6ffd-455f-ab39-028267c7eb04,adh.makeup,available,1.99,17.29,high,low,3,namesilo,,,17/09/2026 07:56
e1710d23-1c37-4535-9e24-ff56130dfc9e,eel.makeup,available,1.99,17.29,high,low,3,namesilo,,,30/09/2026 01:28
3538f6a7-c5ef-43d8-9056-28ce3da209ca,furnace.makeup,available,1.24,13.97,high,low,7,spaceship,,,28/09/2026 19:17
9736cff1-948b-46a9-8bf4-1d7e9c485156,sad.makeup,available,1.99,17.29,high,low,3,namesilo,,,24/09/2026 05:55
bde5214b-2cac-45a1-b62b-e673f88b5ca8,unrealistic.makeup,available,1.8,21.98,medium,low,11,namecheap,,,29/09/2026 21:08
48590201-a076-40e8-8e75-b6d47a04c3d5,convey.makeup,available,1.99,17.29,high,low,6,namesilo,,,29/09/2026 06:20
a92c81c5-2efe-4781-8a5c-46ba66b3406f,regain.makeup,available,1.99,17.29,high,low,6,namesilo,,,29/09/2026 02:45
e44bb4aa-1d0e-4a68-88f4-fac0fadcbe27,courtly.makeup,available,1.8,19.98,high,low,7,namecheap,,,13/08/2026 03:50
2aa743f8-0844-46dc-b628-f750afb27d6c,doting.makeup,available,1.8,19.98,high,low,6,namecheap,,,14/08/2026 16:28
835279a9-5759-407c-9b9e-4fc1872d4fcc,asexually.makeup,available,1.8,21.98,medium,low,9,namecheap,,,13/09/2026 22:03
cef950b3-94dc-4730-ab60-ea12d9916941,lap.makeup,available,1.99,17.29,high,low,3,namesilo,,,28/09/2026 02:11
9dfd1cbc-b676-4d3c-aac0-c4ad954ac80a,metcalf.makeup,available,1.24,13.97,medium,low,7,spaceship,,,28/09/2026 18:20
81b21296-1ccc-4da5-a58f-fece15e49125,penalties.makeup,available,1.65,15.75,high,low,9,namesilo,,,
df45466f-cb07-40c7-8dd1-350a278b0722,sherwood.makeup,available,1.99,17.29,high,low,8,namesilo,,,25/09/2026 10:26
2966b02d-829a-470d-b10f-d9be449a208d,inflected.makeup,available,1.8,19.98,medium,low,9,namecheap,,,22/08/2026 04:31
c1c9fb93-8e5c-4df8-8546-d71d5c0510eb,peopled.makeup,available,1.8,21.98,medium,low,7,namecheap,,,08/09/2026 15:32
d60c6a70-8f8e-4c44-b4b5-41a5e5e50cb6,hogarth.makeup,available,1.24,13.97,high,low,7,spaceship,,,29/09/2026 13:03
85887b79-21ab-4a56-b398-512e00360a52,berks.makeup,available,1.99,14.45,medium,low,5,dynadot,,,29/09/2026 15:22
6b43eec6-77f8-404e-a103-be46415a241f,charmingly.makeup,available,1.8,21.98,medium,low,10,namecheap,,,14/09/2026 06:21
ed536728-c58d-4c6b-9285-d911be6c66fc,softer.makeup,available,1.24,13.97,medium,low,6,spaceship,,,30/09/2026 06:29
085af89d-c44c-4d5e-a596-a339a6a53a59,salvatore.makeup,available,1.24,13.97,medium,low,9,spaceship,,,28/09/2026 16:31
ce3e2ad5-56e5-46b2-ba9d-536a8e1db62d,paints.makeup,available,1.24,13.97,medium,low,6,spaceship,,,29/09/2026 05:51
1c792b73-2c62-4803-9821-ed4c8fec543b,earmark.makeup,available,1.8,19.98,medium,low,7,namecheap,,,06/08/2026 09:08
a53d1c84-1f2c-4329-8028-bfafb721410c,austere.makeup,available,1.99,17.29,medium,low,7,namesilo,,,22/09/2026 13:15
85e90392-ab50-423d-a66b-b31a7a951be8,ats.makeup,available,1.99,17.29,high,low,3,namesilo,,,29/09/2026 22:45
bdc883e7-10c5-4775-be6e-a96226ca50af,competence.makeup,available,1.99,17.29,high,low,10,namesilo,,,24/09/2026 16:46
4ebfb47c-870f-4768-9299-1ff274d99afc,festivity.makeup,available,1.99,17.29,high,low,9,namesilo,,,02/10/2026 02:33
22bf785d-4d33-4291-aeb7-d505181d92c3,gossamer.makeup,available,1.8,19.98,high,low,8,namecheap,,,12/08/2026 14:32
4244154a-77a1-447d-899d-331c2d6879e7,feng.makeup,premium,845,845,high,low,4,namecheap,,,27/09/2026 06:56
3c59c06a-a824-4146-8e0b-b8ae622ed26a,lumpy.makeup,available,1.8,19.98,medium,low,5,namecheap,,,12/08/2026 07:46
40ab0770-95b2-41fd-b999-0d3421437259,inchoate.makeup,available,1.8,19.98,medium,low,8,namecheap,,,22/08/2026 01:16
539fb505-ccc7-49c8-b91a-3e0c6c52e259,anklet.makeup,available,1.99,17.29,high,low,6,namesilo,,,19/09/2026 09:41
10aa9231-c165-4de7-81d7-93a72f0cca73,baric.makeup,available,1.8,19.98,low,low,5,namecheap,,,08/08/2026 19:31
1688b0e4-fd9d-4bb4-9163-61c3a91553a7,empires.makeup,available,1.8,21.98,medium,low,7,namecheap,,,01/10/2026 17:53
d105ca43-ba38-49f1-8944-b39022ece4dc,liable.makeup,available,1.99,17.29,high,low,6,namesilo,,,01/10/2026 02:02
cf5bb828-6679-4d2f-8ad1-c8a7a85bb5b6,armchair.makeup,available,1.99,17.29,high,low,8,namesilo,,,20/09/2026 06:33
5295bede-f6e1-41e5-b62e-747ca4d749a7,cortland.makeup,available,1.24,13.97,medium,low,8,spaceship,,,30/09/2026 01:07
8221b159-328e-4f50-b486-eed7dc211f4d,audiometry.makeup,available,1.99,17.29,medium,low,10,namesilo,,,21/09/2026 02:58
8547f1d5-6996-4ac1-8a2a-1435b0a5519d,aerophagia.makeup,available,1.99,17.29,medium,low,10,namesilo,,,17/09/2026 13:11
296dee34-669c-483e-b498-b0d7cdeda24b,jumbled.makeup,available,1.8,19.98,medium,low,7,namecheap,,,21/08/2026 08:39
debedf44-3072-4047-be71-e6ee1dd43045,leather.makeup,premium,2660,2660,high,low,7,namesilo,,,30/09/2026 02:35
1887f0d6-2bb8-4f13-b8da-e59b91d442d2,folder.makeup,available,1.99,17.29,high,low,6,namesilo,,,29/09/2026 03:36
271b6213-4403-4fdf-ace7-07b94b92f564,trustee.makeup,available,1.8,21.98,high,medium,7,namecheap,,,09/09/2026 12:53
2aff61a2-d2f6-4733-bc6f-ddb879bdab8f,bloody.makeup,available,1.99,17.29,high,low,6,namesilo,,,22/09/2026 00:33
9696cc69-c556-44c5-b109-25b0811b0e7a,manipulated.makeup,available,1.99,17.29,medium,low,11,namesilo,,,29/09/2026 16:09
362d17ae-ec96-45e1-85df-812842ec7af3,merged.makeup,available,1.8,19.98,high,low,6,namecheap,,,22/08/2026 01:59
1e178f42-47a5-4ba7-bbc5-45121c61235a,per.makeup,available,1.99,25.99,high,low,3,godaddy,,,01/10/2026 00:31
883f26b3-740f-44ab-82dc-7724a2b9367c,coquettish.makeup,available,1.8,19.98,medium,low,10,namecheap,,,13/08/2026 00:44
d181c7fd-bb8a-4060-8100-dea7e64d160b,rather.makeup,available,1.8,21.98,medium,low,6,namecheap,,,28/09/2026 15:59
3ec9c8ea-4b9f-4267-a511-9900a74d71b2,fruit.makeup,available,1.24,13.97,high,low,5,spaceship,,,29/09/2026 20:03
ddcfa634-ebbf-4ff8-a9e9-520e03b83d3a,elections.makeup,available,1.99,17.29,medium,low,9,namesilo,,,29/09/2026 05:09
bb698c81-98f7-45ca-99ce-37ce15a268a7,penn.makeup,premium,2660,2660,high,low,4,namesilo,,,25/09/2026 09:52
82fc3788-788f-4feb-ad31-47c00eece2b0,unfrozen.makeup,available,1.8,21.98,medium,low,8,namecheap,,,12/09/2026 10:54
fa1157d6-8dfa-45d0-98d6-52acd7d412f9,sally.makeup,available,1.54,14.21,high,low,5,porkbun,,,28/09/2026 20:21
f1acdc89-86d0-4619-b0c4-f0264e3e1c15,badinage.makeup,available,1.99,17.29,medium,low,8,namesilo,,,21/09/2026 17:13
48cb1380-7830-4cd1-a07c-9fe913c3640c,bleeding.makeup,available,1.8,21.98,high,low,8,namecheap,,,24/09/2026 05:28
fdb62cb6-cecd-400d-8390-48746fd629a3,bise.makeup,available,1.8,21.98,medium,low,4,namecheap,,,23/09/2026 21:37
05ad5413-a3b3-4bdf-8c99-dbbf83f3011a,arabella.makeup,available,1.99,17.29,high,low,8,namesilo,,,01/10/2026 08:14
6af8a622-fd61-40f2-b0cf-679c09cd9861,elbert.makeup,available,1.99,17.29,medium,low,6,namesilo,,,30/09/2026 05:08
5c883b7a-12d0-4788-a17d-b1a78966fc9b,approximate.makeup,available,1.24,13.97,high,low,11,spaceship,,,29/09/2026 08:31
a61a56d3-898e-40d2-849a-c7f72f33cb65,untasted.makeup,available,1.8,21.98,medium,low,8,namecheap,,,12/09/2026 21:05
c936aa35-2f5a-4022-89ec-3f82c05cc272,bedtime.makeup,available,1.8,21.98,high,low,7,namecheap,,,22/09/2026 23:43
0f350898-d0d9-463b-bd0a-f0e5ff7cc2ad,auditor.makeup,available,1.99,17.29,high,low,7,namesilo,,,21/09/2026 01:32
5b35a9e1-d2b3-4162-baca-dbaeaf3f6c74,alley.makeup,available,1.24,13.97,medium,low,5,spaceship,,,28/09/2026 20:31
e5d20b18-7610-467f-8248-1f5d550ccf81,culpeper.makeup,available,1.99,17.29,medium,low,8,namesilo,,,02/10/2026 01:07
56218f03-d7b3-4c33-bd8c-7987cdf38d64,full.makeup,premium,832,832,high,low,4,namesilo,,,24/09/2026 14:07
6e969529-ff1e-4488-94de-5330c557410f,nicosia.makeup,available,1.99,17.29,medium,low,7,namesilo,,,30/09/2026 08:57
6da514f5-e6fc-4058-8412-f07b239ea6a0,higgs.makeup,available,1.24,13.97,high,low,5,spaceship,,,29/09/2026 14:20
58857976-acfe-484f-ba6b-eec529b48820,hagen.makeup,available,1.24,13.97,high,low,5,spaceship,,,27/09/2026 20:14
c3416c32-4b94-411a-809c-f79beb3ade55,oahu.makeup,available,1.99,14.45,medium,low,4,dynadot,,,28/09/2026 10:38
1f530a50-7918-4fcb-ad30-1c1dafff9568,blower.makeup,available,1.8,19.98,medium,low,6,namecheap,,,12/08/2026 01:06
8fdcff2b-99fd-4e12-8e28-9658ec365483,frilly.makeup,available,1.8,19.98,medium,low,6,namecheap,,,18/08/2026 15:51
0593260f-8cc8-422e-ab9a-9a9dcb704100,veracious.makeup,available,1.8,21.98,medium,low,9,namecheap,,,13/09/2026 02:19
ad56c42a-ee71-40cb-8737-68524fdadd9a,warmed.makeup,available,1.8,21.98,high,low,6,namecheap,,,13/09/2026 08:22
043a451a-c08c-4fd2-b8c0-4dd1b2626657,troubles.makeup,available,1.99,17.29,medium,low,8,namesilo,,,27/09/2026 02:38
13fa394d-9d6d-42cd-955a-dbf59425d29d,separable.makeup,available,1.8,19.98,medium,low,9,namecheap,,,14/08/2026 12:50
741bd657-fe62-4d85-9355-cad626cbb1c7,lemuel.makeup,available,1.99,17.29,medium,low,6,namesilo,,,01/10/2026 09:21
712911e7-658f-417c-9610-af1bba6ae6a1,swansea.makeup,available,1.8,21.98,medium,low,7,namecheap,,,28/09/2026 10:58
3b4f4597-2a98-4c4e-a4f6-9cc5688306d3,rite.makeup,available,1.8,21.98,high,low,4,namecheap,,,09/09/2026 18:03
03399d2d-5204-42a4-bd5c-fb471458602b,acidosis.makeup,available,1.99,17.29,medium,low,8,namesilo,,,17/09/2026 01:28
89c1de66-847a-4f39-b5d8-6f82d6d7a703,invincible.makeup,available,1.99,17.29,high,low,10,namesilo,,,25/09/2026 11:10
eb3a8ecf-ca3b-480e-b1a0-21e7dc13dc83,assouan.makeup,available,1.8,21.98,medium,low,7,namecheap,,,20/09/2026 16:37
4a7a74f7-cf73-4fc6-b654-ec9d5db15fe2,iambic.makeup,available,1.8,19.98,medium,low,6,namecheap,,,21/08/2026 17:28
037434e2-f708-4226-9fd0-396eff1e9af4,pawtucket.makeup,available,1.24,13.97,medium,low,9,spaceship,,,29/09/2026 15:45
a0ae2a18-486e-4313-8d0b-324f1b4fb717,collegial.makeup,available,1.8,19.98,medium,low,9,namecheap,,,12/08/2026 17:06
2fa57d79-f3cb-4e6f-a9b7-510ef9c804d3,ashir.makeup,available,1.99,17.29,medium,low,5,namesilo,,,20/09/2026 13:53
50508473-ea5e-41b3-8a06-a4792e342223,enabling.makeup,available,1.8,19.98,high,low,8,namecheap,,,16/08/2026 21:07
8fe524b6-23a0-40a2-8664-fd01563e72c3,uneducated.makeup,available,1.8,21.98,medium,low,10,namecheap,,,12/09/2026 08:53
9c99b861-feda-4dd2-9532-8d14b263fd4e,dynamical.makeup,available,1.8,19.98,high,low,9,namecheap,,,14/08/2026 21:57
a2de2375-c806-4857-9e8e-1c647ef2d917,kuwaiti.makeup,available,1.8,19.98,high,low,7,namecheap,,,22/08/2026 17:05
dcad910c-e387-4fed-9b87-b7bebc9c7f30,felicia.makeup,available,1.24,13.97,high,low,7,spaceship,,,29/09/2026 18:52
fd7020cb-bdb5-4d0a-b280-5782d4e1739c,occurred.makeup,available,1.99,17.29,medium,low,8,namesilo,,,18/09/2026 13:50
f77c74db-ac8a-4c82-9549-5cbbc556534a,illumine.makeup,available,1.8,21.98,high,low,8,namecheap,,,08/09/2026 04:54
c4706526-c438-44f8-a670-168fbd1f978a,asepsis.makeup,available,1.99,17.29,medium,low,7,namesilo,,,19/09/2026 15:02
fbb24eb8-9e69-443c-9153-05bbac9990b2,kingsley.makeup,available,1.99,17.29,medium,low,8,namesilo,,,27/09/2026 20:56
1403e7b9-b7af-437c-850a-c0e3754e1c80,emil.makeup,available,1.99,17.29,high,low,4,namesilo,,,25/09/2026 15:33
a5c6ffc7-1f51-4b92-9d4a-506dec1498d7,walpole.makeup,available,1.99,25.99,medium,low,7,godaddy,,,28/09/2026 01:54
2ff054fa-aea1-4424-994e-19e3e1c07916,whap.makeup,available,1.99,17.29,medium,low,4,namesilo,,,22/09/2026 10:30
c31cb79c-5e5d-48de-9c50-9bd5a4e7a4b6,necrotic.makeup,available,1.8,21.98,medium,low,8,namecheap,,,03/09/2026 14:45
ad10bd69-6d57-4ec6-9ac0-39bcf2bd01ed,thumping.makeup,available,1.8,19.98,high,low,8,namecheap,,,08/08/2026 13:08
36dd894a-af12-41b2-8a51-83cd9be86e23,delegate.makeup,available,1.8,21.98,high,low,8,namecheap,,,24/09/2026 21:30
be1441de-92eb-4ebf-8f33-312790cd1d89,golfer.makeup,available,1.99,17.29,high,low,6,namesilo,,,30/09/2026 17:30
2fe74031-58a8-49d9-a6df-ed30a859d578,commented.makeup,available,1.99,17.29,medium,low,9,namesilo,,,18/09/2026 23:19
697b9937-631c-4cab-bb45-f83e7cfd9747,folds.makeup,available,1.99,17.29,medium,low,5,namesilo,,,30/09/2026 14:49
e5d7ce80-83f9-48f1-9a5f-fbd010b2661f,weirs.makeup,available,1.24,13.97,medium,low,5,spaceship,,,02/10/2026 03:06
37d70469-3e21-41b5-bc73-39500fd912c6,steady.makeup,available,1.8,21.98,high,low,6,namecheap,,,24/09/2026 18:34
9a0ec5ec-d572-48c7-ae6d-a8004c8a129f,anon.makeup,available,1.8,21.98,high,low,4,namecheap,,,13/09/2026 20:01
f3df71be-37ff-4832-84bc-91c546e11c71,rav.makeup,available,1.54,14.21,high,low,3,porkbun,,,30/09/2026 04:18
3c1b0e5b-e7e6-45d6-879d-37bb2330026e,evils.makeup,available,1.99,17.29,low,low,5,namesilo,,,01/10/2026 16:07
448176bb-43b8-40da-abe7-8566768328f6,syndrome.makeup,available,1.24,13.97,medium,low,8,spaceship,,,30/09/2026 12:45
aa3893c6-5586-4f82-aea6-0aaaaaa1a3f4,hana.makeup,available,1.24,13.97,high,low,4,spaceship,,,29/09/2026 22:11
253ec61b-feb1-4b00-a948-be61f65690c7,baneful.makeup,available,1.8,19.98,low,low,7,namecheap,,,08/08/2026 09:44
5d85a39e-82fc-4208-ae59-f5d6ab6615fa,mak.makeup,available,1.99,17.29,high,low,3,namesilo,,,29/09/2026 13:22
0feb00d3-3fa7-4418-9bb5-44b73c32bc3b,timer.makeup,available,1.99,17.29,high,low,5,namesilo,,,30/09/2026 13:16
2889e738-fe46-40a5-be99-c516ee55023e,hodgson.makeup,available,1.99,14.45,medium,low,7,dynadot,,,28/09/2026 04:09
d5ad7a8b-10a3-479c-92c3-3a04c19999ff,tweedy.makeup,available,1.8,19.98,medium,low,6,namecheap,,,21/08/2026 11:21
abc74458-d70c-4dbc-a611-3fe808790506,cork.makeup,available,1.8,21.98,high,low,4,namecheap,,,29/09/2026 00:12
c6e7f342-0536-476a-916c-bde02b97a716,circumference.makeup,available,1.99,17.29,medium,low,13,namesilo,,,30/09/2026 03:32
13eed5d0-3e2e-4b42-90c3-aa335d6434ab,resonating.makeup,available,1.54,14.21,high,low,10,porkbun,,,27/09/2026 12:29
19d95a3b-43cf-4851-81d2-8fa7213dc88a,changes.makeup,available,1.65,15.75,medium,low,7,namesilo,,,
1d9b644b-2687-42d1-9282-557c5a4962bb,wrestler.makeup,available,1.24,13.97,high,low,8,spaceship,,,29/09/2026 19:04
9953f147-46a6-43b7-a6b3-b0b76996b744,thinkers.makeup,available,1.99,17.29,medium,low,8,namesilo,,,30/09/2026 16:03
3cd41f06-625e-44c8-9a7e-88322e1fb321,upper.makeup,available,1.99,17.29,high,low,5,namesilo,,,28/09/2026 09:57
7c57cd83-912b-472a-be32-58294e747f2f,yesteryear.makeup,available,1.8,21.98,high,low,10,namecheap,,,08/09/2026 10:02
e1ad0f76-3f66-4669-8c8f-6b01f5cbab59,engineered.makeup,available,1.99,17.29,high,low,10,namesilo,,,29/09/2026 14:48
976f0988-553d-4387-9bad-fe2361c2521e,whoreson.makeup,available,1.8,19.98,low,low,8,namecheap,,,08/08/2026 23:43
da7ea238-aec4-4226-9e7b-45a03605c59e,indigotin.makeup,available,1.8,19.98,medium,low,9,namecheap,,,22/08/2026 03:05
9957db2c-494f-4593-8c13-ad1836de3a6d,briss.makeup,available,1.99,17.29,medium,low,5,namesilo,,,23/09/2026 09:30
286c04cc-4a94-40c1-8116-435beb6fb09e,applied.makeup,available,1.8,19.98,high,low,7,namecheap,,,06/08/2026 07:11
d1814b2a-83b3-4d5a-ad12-430539ba8084,enid.makeup,available,1.24,13.97,medium,low,4,spaceship,,,28/09/2026 19:04
98ccd310-1334-4d61-a555-a4825fb254f8,cyanobacteria.makeup,available,1.99,17.29,medium,low,13,namesilo,,,02/10/2026 02:08
3d7e3054-bea5-4815-b6cc-5f7f9f1cfe51,jesuit.makeup,available,1.8,19.98,high,low,6,namecheap,,,22/08/2026 13:03
2acdd586-e4f0-4e31-aa42-ca82f1e0027d,prototype.makeup,available,1.99,17.29,high,low,9,namesilo,,,28/09/2026 14:03
0fbd829b-3f66-42b0-ab96-5549a4a677d9,possibly.makeup,available,1.99,17.29,medium,low,8,namesilo,,,28/09/2026 16:14
fe4eacd9-79e5-4678-b414-926810dba28f,footprints.makeup,available,1.99,17.29,medium,low,10,namesilo,,,29/09/2026 23:55
ef3d2d29-b329-4716-87b2-c0c4bc2d36c6,laurens.makeup,available,1.24,13.97,high,low,7,spaceship,,,29/09/2026 07:10
3966d9cd-27b3-4ab3-b000-a81c576b32fc,investigator.makeup,available,1.99,17.29,high,low,12,namesilo,,,28/09/2026 03:35
5ee83b63-df6f-4220-a1e9-0a57f0188f12,synthesized.makeup,available,1.8,21.98,medium,low,11,namecheap,,,17/09/2026 19:35
80b9a90d-c52e-430c-a28f-d094dfabac73,curb.makeup,available,1.8,21.98,high,low,4,namecheap,,,18/09/2026 20:45
ce179f48-e3a7-42a1-83da-27be50a8e42d,alumina.makeup,available,1.99,17.29,medium,low,7,namesilo,,,18/09/2026 15:12
7da291c0-86ad-4e8b-bf9a-5ee987154817,waylay.makeup,available,1.8,21.98,medium,low,6,namecheap,,,18/09/2026 17:32
2bd95eb2-c910-463a-aaf9-2268217a60d3,bridgeable.makeup,available,1.8,19.98,medium,low,10,namecheap,,,11/08/2026 04:00
fa90b856-fe6d-4ec2-9dff-82290e4ca059,belloc.makeup,available,1.99,17.29,medium,low,6,namesilo,,,23/09/2026 06:16
38525ac9-544d-458d-9ebc-593be01ce36e,astor.makeup,available,1.99,17.29,medium,low,5,namesilo,,,20/09/2026 17:29
fea7c15e-a69f-4e4d-b96d-70bbe7e7fb1f,weston.makeup,available,1.99,17.29,high,low,6,namesilo,,,25/09/2026 05:16
afc40dff-f625-4024-91c4-3510d732fc17,everlasting.makeup,available,1.99,17.29,high,low,11,namesilo,,,29/09/2026 08:43
afd36320-e818-47b6-9ac1-b8749d3568d6,showtime.makeup,premium,2070.2,2070.2,high,medium,8,spaceship,,,29/09/2026 18:25
a01eeb6f-3c01-4b26-94a8-c36ddaef51d1,connections.makeup,available,1.24,13.97,high,low,11,spaceship,,,27/09/2026 23:11
3b45db07-db88-429c-8041-21f8730e29e6,alosa.makeup,available,1.99,17.29,medium,low,5,namesilo,,,18/09/2026 13:26
d2525084-cfa1-4852-b0c2-4f92d4c30c85,spinoza.makeup,available,1.99,17.29,high,low,7,namesilo,,,22/09/2026 09:34
96fcef30-2b20-41cd-a700-3d634e9de5cd,supervision.makeup,available,1.24,13.97,high,low,11,spaceship,,,28/09/2026 22:58
33191718-e11b-404a-a570-c0bfd097ec9c,lodging.makeup,available,1.99,17.29,high,low,7,namesilo,,,30/09/2026 01:55
529189c9-a501-400f-b3e5-17de73da951c,dauntless.makeup,available,1.99,17.29,high,low,9,namesilo,,,22/09/2026 12:12
b1eded76-06c4-4b80-a0fb-f29ba2da0f26,keep.makeup,premium,2070.2,2070.2,high,low,4,spaceship,,,29/09/2026 04:03
331c403a-0bf1-4166-ac37-2f6b8e26ee94,harlot.makeup,available,1.99,20.99,medium,low,6,name.com,,,13/08/2026 14:19
0db2a951-9ea7-4bd9-badc-0d77e082eb31,justin.makeup,premium,832,832,high,medium,7,namesilo,,,25/09/2026 16:02
74a8b11a-34ec-48bb-b7ba-19fa5b08fda5,slowly.makeup,available,1.8,19.98,medium,low,6,namecheap,,,22/08/2026 23:55
1f707156-be0b-4697-9de0-b534fae31afc,jargon.makeup,available,1.8,21.98,high,low,6,namecheap,,,13/09/2026 04:10
4f1e52fc-cc19-4cbf-abae-2b625c9002df,angus.makeup,available,1.99,17.29,high,low,5,namesilo,,,16/09/2026 15:11
559ba61b-9b14-4867-aa6c-7ae437af12cb,graze.makeup,available,1.99,17.29,high,low,5,namesilo,,,02/10/2026 05:06
fa5802b4-7f58-4d95-a3fc-d6e654a01e8e,stalled.makeup,available,1.99,17.29,medium,low,7,namesilo,,,20/09/2026 17:27
3ef26f39-c944-49b5-97d8-d224a94a5fee,gory.makeup,available,1.8,19.98,medium,low,4,namecheap,,,10/08/2026 15:23
59e3bde4-8a3f-47db-b159-04afe2c87485,jill.makeup,available,1.99,17.29,high,low,4,namesilo,,,25/09/2026 11:32
3fe056e4-7ba9-4596-ab49-34968e955156,dakar.makeup,available,1.99,17.29,high,low,5,namesilo,,,29/09/2026 06:52
b188709b-032d-44f3-b865-84566ca2fe45,doom.makeup,available,1.99,17.29,high,low,4,namesilo,,,24/09/2026 23:34
317da2e5-92f3-4071-bb47-0f17de957491,flesh.makeup,available,1.99,17.29,high,low,5,namesilo,,,25/09/2026 21:58
ad949d2a-7b8a-4e5e-9b87-9afa454ba00f,hinge.makeup,available,1.8,21.98,high,low,5,namecheap,,,01/10/2026 19:35
6cc441c4-fc4f-4769-b49f-63ade86de5f1,served.makeup,available,1.99,17.29,medium,low,6,namesilo,,,25/09/2026 17:23
4449e285-b7cf-49ef-aa1a-3aeab2a84c9b,christian.makeup,premium,832,832,high,medium,9,namesilo,,,23/09/2026 14:35
dd9811b8-ce0e-44df-bcc7-669e760356c1,primordial.makeup,available,1.8,21.98,high,low,10,namecheap,,,09/09/2026 02:06
049e8204-6623-4bb5-a9f4-662411f4d647,myeloid.makeup,available,1.8,21.98,medium,low,7,namecheap,,,03/09/2026 12:06
4bfee86b-38d8-4f8f-8dd7-f6875200ef16,poultry.makeup,available,1.99,17.29,high,low,7,namesilo,,,24/09/2026 23:24
bbdbdbfc-9902-4ef9-8eb1-b2f372380bda,programmes.makeup,available,1.8,21.98,medium,low,10,namecheap,,,20/09/2026 10:20
e47e8da4-b0db-4ee8-96b3-d2bbf74f9009,oxonian.makeup,available,1.8,21.98,medium,low,7,namecheap,,,04/09/2026 22:32
d29c9638-998b-4abd-90b6-fd657763ec49,regnant.makeup,available,1.8,21.98,high,medium,7,namecheap,,,09/09/2026 12:56
f0c432d3-6ccd-4e00-9e7c-9ab31888588f,luminary.makeup,available,1.8,21.98,high,low,8,namecheap,,,03/09/2026 22:03
7178686c-1eb4-4e0f-836c-29bc20263ca4,majority.makeup,available,1.99,17.29,high,low,8,namesilo,,,28/09/2026 17:11
353a581e-ccd8-4dd8-a0fe-9f117397d7c2,canorous.makeup,available,1.8,19.98,medium,low,8,namecheap,,,11/08/2026 17:35
4c664390-cd09-438b-917c-ca5394832d39,philistine.makeup,available,1.8,19.98,medium,low,10,namecheap,,,
b99034b6-b56b-4cd6-9b42-87e1e9163beb,sash.makeup,available,1.24,13.97,high,low,4,spaceship,,,01/10/2026 01:27
73c6ae0e-de7c-4800-be9e-b657f0261409,conscience.makeup,available,1.24,13.97,high,low,10,spaceship,,,29/09/2026 11:04
406a1f9e-59fa-4b3c-a497-3aabac45687d,gerd.makeup,available,1.24,13.97,high,low,4,spaceship,,,30/09/2026 13:04
5bcdb8df-c5f9-4f51-a97d-063115a2af61,poa.makeup,available,1.99,17.29,high,low,3,namesilo,,,01/10/2026 19:46
b353dae7-5dc9-44d7-ad74-2e9dae14fd73,unfortunately.makeup,available,1.99,14.45,medium,low,13,dynadot,,,01/10/2026 06:06
34d32412-3cf1-4065-8324-af20b8fafbaf,streaming.makeup,available,1.24,13.97,high,low,9,spaceship,,,01/10/2026 03:24
829ee074-6eee-4f52-9e3a-8a854f7892d7,echt.makeup,available,1.8,19.98,medium,low,4,namecheap,,,14/08/2026 23:41
a0ee1d1a-852a-41d7-9e5e-f8660fd2b6d8,dartmouth.makeup,premium,2660,2660,medium,low,9,namesilo,,,25/09/2026 04:45
131538c3-69b8-44d5-a1e3-99730fa04ca2,ruritanian.makeup,available,1.8,21.98,medium,low,10,namecheap,,,09/09/2026 19:43
191dc025-e7c1-41da-b2a7-2b8c3615db6d,hara.makeup,available,1.8,21.98,medium,low,4,namecheap,,,30/09/2026 13:49
fff287c0-2ac8-474c-b772-a419a31f753a,retracted.makeup,available,1.99,17.29,medium,low,9,namesilo,,,27/09/2026 13:32
72269830-d173-4734-9d19-001865774ac4,memory.makeup,available,1.8,21.98,high,medium,6,namecheap,,,29/09/2026 10:30
dd554af9-0a89-444e-b41e-59c581863cf6,stop.makeup,available,1.99,17.29,high,low,4,namesilo,,,24/09/2026 23:23
2bcb2406-deef-49d3-b6a4-7d7e813667f0,forerunners.makeup,available,1.99,17.29,medium,low,11,namesilo,,,01/10/2026 18:42
e98a906a-d2e2-48e2-b320-8af1d36931b5,svelte.makeup,available,1.8,19.98,high,low,6,namecheap,,,24/08/2026 01:16
ccb41a54-2cac-4deb-8ed2-a8fcf8edfe71,microbial.makeup,available,1.8,21.98,medium,low,9,namecheap,,,08/09/2026 09:41
607c0af5-e1fc-422d-9be3-b359b6f9a39c,homegrown.makeup,available,1.8,19.98,high,low,9,namecheap,,,21/08/2026 10:59
e4be0bf0-2c0c-4807-aa0c-2159533e03a8,endoergic.makeup,available,1.8,19.98,medium,low,9,namecheap,,,17/08/2026 01:08
4212316e-e586-4318-b1b3-1b11cea90962,parachute.makeup,available,1.24,13.97,high,low,9,spaceship,,,28/09/2026 13:43
b462a693-7702-468a-a6e1-a0c21200c6fa,combustive.makeup,available,1.8,19.98,low,low,10,namecheap,,,12/08/2026 18:42
f74d5671-7925-46b2-bf9a-a2e559d3e37e,whirr.makeup,available,1.8,21.98,medium,low,5,namecheap,,,13/09/2026 11:31
2b977c45-a717-42ba-b034-5721147f7210,halsey.makeup,available,1.99,17.29,medium,low,6,namesilo,,,28/09/2026 16:48
e5a2baec-4d50-4b68-8be6-91b5fb28683d,problems.makeup,available,1.99,17.29,medium,low,8,namesilo,,,25/09/2026 17:11
8f563da5-4a01-4856-a0bf-ae409f020019,karl.makeup,premium,2660,2660,high,low,4,namesilo,,,25/09/2026 13:41
2fd6bf1b-3c08-4fbb-9553-ac7e6396a254,flanges.makeup,available,1.24,13.97,low,low,7,spaceship,,,30/09/2026 15:50
36882621-ad88-4ee0-b49e-45a9e9d76b5f,danville.makeup,available,1.99,17.29,medium,low,8,namesilo,,,28/09/2026 04:20
45220b61-4134-4a3d-8474-f1ca5d00ce05,kate.makeup,premium,2600,2600,high,low,4,namecheap,,,25/09/2026 12:02
0db44773-3310-4e4d-b4e6-524c1cbd4b4d,stertorous.makeup,available,1.8,21.98,low,low,10,namecheap,,,10/09/2026 20:21
f18829a3-6a89-47c8-a917-3d7b3833a623,cpm.makeup,available,1.99,17.29,high,low,3,namesilo,,,01/10/2026 05:17
9c1d3727-1452-4c00-b475-e248db5418e3,attorneys.makeup,available,1.24,13.97,medium,low,9,spaceship,,,28/09/2026 13:24
0052c1e2-ead2-47f0-9701-43c8fb6f32c8,sideways.makeup,available,1.99,17.29,high,low,8,namesilo,,,24/09/2026 01:14
0956cb9f-c66c-4438-b280-f6c876619c0f,willard.makeup,available,1.99,17.29,medium,low,7,namesilo,,,25/09/2026 05:33
a91acbd5-47d7-46c7-b4a2-681cd3804b8c,unannounced.makeup,available,1.24,13.97,medium,low,11,spaceship,,,02/10/2026 01:44
a19637f6-9dca-4323-bebf-314d8d801263,lonely.makeup,available,1.24,13.97,high,low,6,spaceship,,,28/09/2026 09:45
922e9131-ccde-4d11-bf02-62c97713b6b0,replaced.makeup,available,1.8,21.98,medium,low,8,namecheap,,,27/09/2026 22:59
11fc6037-4438-47e8-9166-130c7426445f,any.makeup,premium,845,845,high,medium,3,namecheap,,,22/09/2026 07:02
0406506d-e47f-42df-bbb8-666a094e917a,priceless.makeup,premium,2660,2660,high,medium,9,namesilo,,,25/09/2026 11:03
766f9afc-a52c-4385-a0b5-6e9cb884456d,submission.makeup,available,1.99,17.29,high,low,10,namesilo,,,29/09/2026 07:36
cd457a0b-82e5-442c-98ba-2d73a2df8e4d,jewellery.makeup,available,1.99,14.45,high,low,9,dynadot,,,30/09/2026 00:51
2ba2ad85-e69d-41d0-b31c-9760e24571dd,educated.makeup,available,1.99,17.29,high,low,8,namesilo,,,24/09/2026 13:27
1d515615-7507-4eb7-b0fe-6a3867e35c97,knotted.makeup,available,1.8,19.98,medium,low,7,namecheap,,,20/08/2026 15:40
fdb9d2d4-52b0-4d0d-8026-4f4b56f94ad3,medicinal.makeup,available,1.8,19.98,high,low,9,namecheap,,,24/08/2026 19:01
c0883f0f-5108-4056-9742-a6f6bca2ee23,westwards.makeup,available,1.8,21.98,medium,low,9,namecheap,,,13/09/2026 11:02
01e59c5f-b992-4101-88f6-e77acfbdef03,dilettante.makeup,available,1.8,19.98,medium,low,10,namecheap,,,14/08/2026 07:38
b07609eb-650f-4444-ae68-74aafccf05df,slopped.makeup,available,1.8,19.98,low,low,7,namecheap,,,09/08/2026 15:45
1662db72-72d3-40b8-bd1f-622acb78de75,drenched.makeup,available,1.8,19.98,medium,low,8,namecheap,,,14/08/2026 18:51
10d2fb85-30a6-484e-951f-bb73d6c92352,obadiah.makeup,available,1.8,21.98,medium,low,7,namecheap,,,16/09/2026 14:40
7f77c6ca-2648-40c1-9f2c-12f0aa2c8edb,indifference.makeup,available,1.24,13.97,high,low,12,spaceship,,,29/09/2026 23:01
e9b8220d-603e-4e31-b4b7-3929487605d1,clown.makeup,available,1.99,17.29,high,low,5,namesilo,,,22/09/2026 06:35
4ffd4579-bfb6-4e90-a698-9fcc8e191786,terminating.makeup,available,1.8,21.98,medium,low,11,namecheap,,,08/09/2026 14:51
36c8cbe6-9daf-4040-82ce-572ee22e3f54,amc.makeup,available,1.99,17.29,high,medium,3,namesilo,,,25/09/2026 14:08
714d2004-f46e-47cd-b380-19b49fd72682,surfers.makeup,available,1.99,17.29,medium,low,7,namesilo,,,20/09/2026 02:01
27f3e38f-4976-4c5f-b771-ada3a434ccb0,lon.makeup,available,1.99,17.29,medium,low,3,namesilo,,,28/09/2026 11:31
960aeb99-8f91-442e-9ec4-d475d442f1c8,slew.makeup,available,1.8,19.98,high,low,4,namecheap,,,25/08/2026 00:42
685fefd7-5ca9-48f7-8d0d-ddada4e8b8fe,yid.makeup,available,1.99,17.29,medium,low,3,namesilo,,,19/09/2026 16:18
d49f10ba-f4c8-490b-a058-3d746d3b21ec,pestilent.makeup,available,1.8,19.98,medium,low,9,namecheap,,,08/08/2026 12:06
05865c1d-eabc-4841-b759-cfa936f0898b,groupe.makeup,available,1.99,17.29,high,low,6,namesilo,,,30/09/2026 12:13
3f026d40-1327-4a40-ae17-c9b5d88c4341,poison.makeup,available,1.8,21.98,high,low,6,namecheap,,,11/09/2026 18:25
a49e2f89-a2a2-4b74-9822-e202ceaeea29,flanders.makeup,available,1.99,17.29,medium,low,8,namesilo,,,30/09/2026 09:38
3f8ac203-f722-4e47-a4cf-03cbaf17941b,gravesend.makeup,available,1.99,17.29,medium,low,9,namesilo,,,30/09/2026 21:51
f61e37cb-2c45-4d0c-8559-afe2b074b26a,streetwise.makeup,available,1.8,21.98,high,low,10,namecheap,,,10/09/2026 22:26
c463f695-250e-45c9-a3ef-3a04fc59f21e,owns.makeup,available,1.99,17.29,medium,low,4,namesilo,,,18/09/2026 16:37
cd23b0cd-710e-48c9-9148-700232bf0a98,beeper.makeup,available,1.99,17.29,high,low,6,namesilo,,,23/09/2026 01:31
cee1aefb-5a36-4b8c-aba0-ac1a545d85b9,gil.makeup,available,1.99,17.29,high,low,3,namesilo,,,25/09/2026 13:06
5f809fd7-f145-4ccf-b211-c0b5b6c25132,mainland.makeup,available,1.99,17.29,medium,low,8,namesilo,,,28/09/2026 14:49
559024bf-fb30-46c1-bdd9-6648b1106045,saturn.makeup,available,1.99,17.29,high,low,6,namesilo,,,29/09/2026 13:55
644b332f-83c5-40fd-a07d-32ff4a3674f7,ceilings.makeup,available,1.99,17.29,medium,low,8,namesilo,,,30/09/2026 16:13
813b245e-5783-43a0-92c2-0fe932ae2c94,pinkish.makeup,available,1.8,21.98,high,medium,7,namecheap,,,08/09/2026 19:46
c640fd41-3a4e-4f59-b1b1-6bb3e8617ef0,shipowner.makeup,available,1.24,13.97,medium,low,9,spaceship,,,01/10/2026 21:39
041f79c6-0c69-4b55-9f6f-1274ec38d008,potsdam.makeup,available,1.24,13.97,high,low,7,spaceship,,,27/09/2026 15:23
d7429fb5-559b-4e32-b625-f3e69b23ac9e,tzarist.makeup,available,1.99,20.99,medium,low,7,name.com,,,13/08/2026 14:59
7c051ea2-6159-49de-8425-edefab8a3fbf,saddled.makeup,available,1.8,21.98,high,medium,7,namecheap,,,09/09/2026 20:41
fcb8b5e8-e546-4a18-9686-7e906b36fe39,prettiest.makeup,available,1.99,17.29,high,low,9,namesilo,,,18/09/2026 03:32
403adc66-872e-491f-9050-8461902f7dcf,propellant.makeup,available,1.8,21.98,high,low,10,namecheap,,,09/09/2026 03:26
eba6a030-00bc-4ac7-95cb-28dc7847164e,hollis.makeup,available,1.99,17.29,medium,low,6,namesilo,,,28/09/2026 07:30
222d0ec0-6fc0-4a10-b430-e10b778626b2,linda.makeup,premium,832,832,high,low,5,namesilo,,,25/09/2026 14:03
5a88ab67-15e0-48da-a554-a42d983ce14e,problem.makeup,available,1.24,13.97,high,low,7,spaceship,,,30/09/2026 07:28
d103634b-8ded-4dcb-bb05-2c553f728808,cantala.makeup,available,1.99,17.29,medium,low,7,namesilo,,,17/09/2026 16:42
b64865b7-170d-4c5c-b5c5-8ea5444b2cc2,aciculate.makeup,available,1.65,15.75,medium,low,9,namesilo,,,
ea36e887-bb6d-48af-b729-720b1da2a1c2,snoop.makeup,available,1.24,13.97,high,low,5,spaceship,,,01/10/2026 21:43
caf0e209-63dd-49a9-b87c-82c1a519f53b,bmt.makeup,available,1.99,14.45,high,low,3,dynadot,,,30/09/2026 20:59
11ea55dd-04a8-4b32-9e9c-ed37030f0ed7,whir.makeup,available,1.8,21.98,medium,low,4,namecheap,,,13/09/2026 11:30
6f817a5c-71d9-4842-b4f0-afa974394e5d,vermilion.makeup,available,1.8,19.98,high,low,9,namecheap,,,12/08/2026 05:45
48476c08-8916-49be-9316-2773fc8dc543,gregg.makeup,available,1.65,15.75,high,low,5,namesilo,,,
2721d82a-2f2f-4245-9542-8ab848ed77fa,image.makeup,premium,2183.84,2183.84,high,medium,5,porkbun,,,30/09/2026 20:52
47ad509d-413e-4e33-ad04-2c708da54eed,approach.makeup,available,1.8,19.98,high,low,8,namecheap,,,06/08/2026 08:44
05645c93-e636-44b0-8235-5905db0d3f28,unresolved.makeup,available,1.8,19.98,medium,low,10,namecheap,,,14/08/2026 12:57
bf69326e-0874-4b6c-8989-9a0dcbbd8998,aceh.makeup,available,1.99,14.45,medium,low,4,dynadot,,,01/10/2026 08:41
07bafd2c-8530-4d3e-8718-1043bc9e1542,thracian.makeup,available,1.8,21.98,medium,low,8,namecheap,,,11/09/2026 14:10
9fb60894-5184-4a45-93f9-7fbae0b2ee7b,seamy.makeup,available,1.8,21.98,medium,low,5,namecheap,,,10/09/2026 00:49
e7e8a6d0-8880-4d02-b796-196fb4f1a24c,anglomania.makeup,available,1.8,21.98,medium,low,10,namecheap,,,19/09/2026 06:51
9147e30e-804f-41bb-8789-900df94a013f,giddy.makeup,available,1.65,15.75,medium,low,5,namesilo,,,
93e6694d-8408-49d4-8642-a90c731802db,fiber.makeup,available,1.54,14.21,high,low,5,porkbun,,,29/09/2026 19:15
461dd322-3e76-48d9-ad18-b1bf7c146ecf,luggage.makeup,available,1.24,13.97,high,low,7,spaceship,,,29/09/2026 00:30
cfc72e8d-c501-46f6-8441-bef15bf5aa28,bangtail.makeup,available,1.99,17.29,medium,low,8,namesilo,,,22/09/2026 02:02
0b56b204-9e53-4783-8b0a-07c2d274befa,bivouac.makeup,available,1.8,19.98,medium,low,7,namecheap,,,11/08/2026 15:54
2faef181-6380-48c9-be57-14467468e0c4,unstressed.makeup,available,1.8,21.98,medium,low,10,namecheap,,,12/09/2026 20:37
0ee21b36-bbbc-424d-a603-597f1da957b9,one.makeup,premium,2660,2660,high,medium,3,namesilo,,,21/09/2026 10:37
fc6dda96-e205-407a-98bd-37ad3babfa2c,sri.makeup,available,1.99,17.29,high,low,3,namesilo,,,30/09/2026 12:46
c178a08a-e969-44ce-bb38-a9a9a1225e6d,inhalant.makeup,available,1.8,19.98,high,low,8,namecheap,,,22/08/2026 05:02
b3bc177a-2840-4a42-b8ef-ba0df9515426,adventurous.makeup,available,1.8,21.98,high,low,11,namecheap,,,29/09/2026 14:20
957396cc-3beb-4889-a7a4-ab997e7b1d5c,isoforms.makeup,available,1.24,13.97,medium,low,8,spaceship,,,30/09/2026 07:43
aa66ff65-2b16-46d6-b5f3-c0eda5a3cdaa,ask.makeup,premium,2660,2660,high,medium,3,namesilo,,,30/09/2026 05:26
cec6a616-ad18-4645-b616-cb98f4289c49,previously.makeup,available,1.24,13.97,medium,low,10,spaceship,,,28/09/2026 12:13
c713a7e6-f59f-4ebe-9386-a0e66e7bbf9c,adolphus.makeup,available,1.24,13.97,medium,low,8,spaceship,,,29/09/2026 15:26
d7b2b0a5-4ab5-4e3e-a9c7-9e872b56be24,cra.makeup,available,1.99,17.29,high,low,3,namesilo,,,30/09/2026 12:45
42ddedc1-1bab-4fac-9d31-c4aeafa786b3,hari.makeup,available,1.8,21.98,high,low,4,namecheap,,,29/09/2026 09:52
eba4e73a-0075-48b6-b372-a261b2aeaa55,loon.makeup,premium,2660,2660,high,low,4,namesilo,,,17/09/2026 07:03
c81399e1-14c9-4b6c-aa09-f9951544dd63,room.makeup,premium,672.95,672.95,high,low,4,spaceship,,,01/10/2026 16:16
b333e53d-eb32-4e37-877d-f61d7fe674aa,cauchy.makeup,available,1.24,13.97,high,low,6,spaceship,,,30/09/2026 13:33
49b1119e-15ec-446f-8889-927c526b676f,plumbago.makeup,available,1.99,17.29,medium,low,8,namesilo,,,24/09/2026 01:07
ef76de9d-d482-4da9-aab8-d1e7a5e9f0a6,backstage.makeup,available,,,high,low,9,,,,
3e4e868f-1d27-4d30-bb65-28bf7622f9b9,treeless.makeup,available,1.8,21.98,medium,low,8,namecheap,,,11/09/2026 19:10
200aea3c-24d5-4683-b91e-3c2620d8bdf9,strike.makeup,available,1.8,19.98,high,low,6,namecheap,,,25/08/2026 00:52
70b2ab88-5dd6-4e3e-8755-f4a6aad12061,dedication.makeup,available,1.99,17.29,high,low,10,namesilo,,,18/09/2026 10:32
379fb2ac-e54a-4238-9ff0-268e720f257f,screw.makeup,available,1.8,19.98,high,low,5,namecheap,,,18/08/2026 17:26
ea8de26d-7d68-4215-9580-8157815a50bf,saccadic.makeup,available,1.8,21.98,high,medium,8,namecheap,,,09/09/2026 20:35
2a6fca83-6316-456b-b3bc-914c0dc2c140,marbled.makeup,available,1.8,19.98,medium,low,7,namecheap,,,24/08/2026 15:47
af244239-26e8-452d-80de-19a42d0417ba,slightly.makeup,available,1.8,21.98,medium,low,8,namecheap,,,16/09/2026 02:36
f2e2326c-b9e8-4f91-8f0a-cce12b54f7c0,deported.makeup,available,1.99,17.29,low,low,8,namesilo,,,29/09/2026 16:30
1c460925-5434-4ebe-af54-cb5adea8050a,disarm.makeup,available,1.24,13.97,high,low,6,spaceship,,,30/09/2026 11:23
97768a7d-3c05-43d5-99af-3e63a46ceb47,athanor.makeup,available,1.8,21.98,medium,low,7,namecheap,,,20/09/2026 20:28
5ee0fe62-e69f-4c5d-a854-167dd0e5dfbd,norwich.makeup,available,1.8,21.98,medium,low,7,namecheap,,,25/09/2026 14:43
27ae89d1-ce6f-4052-9567-392e414fd42b,restrict.makeup,available,1.8,21.98,medium,low,8,namecheap,,,19/09/2026 17:10
1d9735d3-85d2-4180-b18a-614f1841ca5a,litre.makeup,available,1.8,19.98,medium,low,5,namecheap,,,22/08/2026 17:09
0494ca45-e88f-445c-b8f8-1342b53fdcba,fulton.makeup,available,1.99,17.29,high,low,6,namesilo,,,25/09/2026 06:12
b796cbab-effc-4602-a9a0-7cd318349f07,hulky.makeup,available,1.8,19.98,medium,low,5,namecheap,,,21/08/2026 14:48
41bcadb9-6695-4fb7-bfbd-56daa07a406f,almighty.makeup,available,1.65,15.75,high,low,8,namesilo,,,
752a4f3c-c91c-425d-8a74-bac23d4068e1,imperfect.makeup,available,1.8,19.98,high,low,9,namecheap,,,21/08/2026 22:10
a913eef8-b12e-4c5f-9ab6-31c637d8905a,jansen.makeup,available,1.24,13.97,medium,low,6,spaceship,,,28/09/2026 18:46
e5081205-1d70-4f70-b719-d7e01caa32f0,kyushu.makeup,available,1.54,14.21,medium,low,6,porkbun,,,29/09/2026 01:31
6fc30280-e648-48a4-982b-0796dea3faee,organizing.makeup,available,1.99,17.29,high,low,10,namesilo,,,18/09/2026 13:01
3dcc8bae-f0ec-424b-a9f4-58a51272b6f0,allylic.makeup,available,1.65,15.75,medium,low,7,namesilo,,,
4dd56c7b-738b-48bd-9c3c-8251f7d3c5b8,multiphase.makeup,available,1.8,21.98,medium,low,10,namecheap,,,03/09/2026 10:50
7c540b48-c188-411d-84aa-15941d586bd2,kokka.makeup,available,1.8,21.98,medium,low,5,namecheap,,,08/09/2026 07:02
7a960f72-1f55-4393-b904-c9a1bc984d8b,canberra.makeup,available,1.99,17.29,high,low,8,namesilo,,,21/09/2026 04:47
b1ae196d-c168-407e-a52f-6a664238eb40,platoon.makeup,available,1.99,14.45,high,low,7,dynadot,,,27/09/2026 15:14
f8fc47a3-d540-4833-add0-9cf40c2aeb19,adrenaline.makeup,available,1.99,17.29,high,low,10,namesilo,,,17/09/2026 09:55
0f09777d-55c6-4681-b97a-bb09f2df0331,vilnius.makeup,available,1.24,13.97,medium,low,7,spaceship,,,28/09/2026 18:34
6b604d1c-8bd5-459e-9fd7-e1b453c0bdbc,poisonous.makeup,available,1.8,21.98,medium,low,9,namecheap,,,08/09/2026 22:40
5bf9747e-b51b-42f4-b8a1-36cdd807f3a1,crank.makeup,available,1.8,19.98,medium,low,5,namecheap,,,13/08/2026 04:51
4dd2f03a-c238-44ca-a02a-2201daaee6e3,machinist.makeup,available,1.99,17.29,high,low,9,namesilo,,,19/09/2026 17:14
82268d63-8472-4f5c-b002-e51fb7dd5ee0,spotted.makeup,available,1.8,21.98,high,low,7,namecheap,,,10/09/2026 16:39
292795ba-c70b-4a66-8673-aa1e447b9a84,freedom.makeup,premium,2183.84,2183.84,high,medium,7,porkbun,,,29/09/2026 18:30
c776ff26-23fd-4706-bdd3-923c7d6a7b39,illusional.makeup,available,1.8,19.98,medium,low,10,namecheap,,,21/08/2026 20:11
ed0fba74-5ff6-4f96-8764-35058b886da0,bullshit.makeup,available,1.54,14.21,high,low,8,porkbun,,,29/09/2026 11:49
5ee95cd5-cbc3-4a34-afd6-b7d509fd2175,darby.makeup,premium,2660,2660,high,low,5,namesilo,,,01/10/2026 06:43
cf5ef7a5-4e17-4c2c-b48c-bce04e451d6a,sabin.makeup,available,1.99,17.29,medium,low,5,namesilo,,,18/09/2026 02:37
22d28b94-d408-4e6a-90f7-8a06d35cd305,blackamoor.makeup,available,1.8,21.98,medium,low,10,namecheap,,,03/09/2026 15:12
023c3204-1e84-4028-8052-05afa21da371,wick.makeup,available,1.99,17.29,high,low,4,namesilo,,,29/09/2026 14:07
8fb1b669-a45f-4901-81f8-802c39a82e29,wearable.makeup,available,1.8,21.98,high,low,8,namecheap,,,13/09/2026 08:58
86d16f51-092a-4fb6-9b18-fd80d808b970,alexandria.makeup,premium,2660,2660,high,low,10,namesilo,,,18/09/2026 06:02
97c963d0-a786-4644-9308-7fb95db73c14,awakened.makeup,available,1.99,17.29,high,low,8,namesilo,,,22/09/2026 14:47
591fe093-b58b-47ad-9348-caccda7557a7,stateless.makeup,available,1.8,19.98,medium,low,9,namecheap,,,21/08/2026 11:01
c9db9227-f1d4-404b-8474-0316ab869320,brahmins.makeup,available,1.24,13.97,medium,low,8,spaceship,,,30/09/2026 00:48
3e0392f6-b82e-4a7a-a319-207ae50985b8,gilligan.makeup,available,1.24,13.97,medium,low,8,spaceship,,,30/09/2026 21:55
f2704022-acf9-4af4-9ac7-6781dc5cc78b,briefing.makeup,available,1.99,17.29,high,low,8,namesilo,,,29/09/2026 04:17
300c99ed-06b5-4852-bc16-2b8de0ec7f82,tectonics.makeup,available,1.99,17.29,medium,low,9,namesilo,,,20/09/2026 02:14
1a2f5ffb-facc-4206-84d0-7b4d5cd00f53,vila.makeup,available,1.99,17.29,high,low,4,namesilo,,,24/09/2026 12:33
318ae74e-350b-4021-9463-e55d539ca65b,descend.makeup,available,1.99,17.29,high,low,7,namesilo,,,30/09/2026 17:09
f912a148-e81e-48d1-87a0-5e9933f87e24,highschool.makeup,available,1.24,13.97,high,low,10,spaceship,,,29/09/2026 22:46
a4294e90-c5b3-4d91-af6c-d6a512b74f61,shucks.makeup,available,1.99,20.99,medium,low,6,name.com,,,13/08/2026 16:16
28699eff-8f0a-466e-b2dd-38e2017d2ea5,infidelity.makeup,available,1.99,14.45,medium,low,10,dynadot,,,30/09/2026 01:58
abd974dc-a7b1-47ea-bbe1-d933d29b23ca,sarawak.makeup,available,1.99,17.29,medium,low,7,namesilo,,,28/09/2026 15:18
97f8d674-329e-441a-9f6c-d96c8dc3e8b0,fissure.makeup,available,1.8,19.98,high,low,7,namecheap,,,13/08/2026 04:18
dc76411d-9cc0-4c5f-81da-740ecca4197c,supported.makeup,available,1.99,25.99,high,low,9,godaddy,,,28/09/2026 02:01
5f9f7c3d-f1cf-42ce-b62d-d53d40ce9503,eir.makeup,available,1.99,14.45,high,low,3,dynadot,,,01/10/2026 22:54
5d049fe4-df29-43e8-99ec-1001079a6592,hun.makeup,available,1.99,17.29,high,low,3,namesilo,,,30/09/2026 16:28
a4e0934d-d1cd-44a7-8c5d-2e7482c753cc,confidential.makeup,available,1.24,13.97,high,low,12,spaceship,,,27/09/2026 17:23
adc4bc2c-4e55-4717-ae1d-0e292d497d8c,came.makeup,available,1.24,13.97,high,low,4,spaceship,,,30/09/2026 22:36
5d314ffd-4830-476f-901f-2ca39aeb1f20,formalized.makeup,available,1.8,19.98,medium,low,10,namecheap,,,18/08/2026 12:03
d0bc96fb-2a2d-4172-8977-f90743902603,jutland.makeup,available,1.99,17.29,medium,low,7,namesilo,,,22/09/2026 15:18
5c7c6c36-27a8-4007-bd99-11272147023d,oven.makeup,available,1.8,21.98,high,low,4,namecheap,,,28/09/2026 06:32
5b69b478-8080-45d7-a146-090b8c345357,ataturk.makeup,available,1.99,17.29,high,low,7,namesilo,,,20/09/2026 19:44
ab7eb0b9-ed12-48fc-ac95-0301ea080cf7,woolf.makeup,available,1.99,17.29,medium,low,5,namesilo,,,17/09/2026 07:19
7fb1e7d3-2674-4605-b9c6-96482a531c4c,raion.makeup,available,1.24,13.97,high,low,5,spaceship,,,30/09/2026 20:23
dda2c67c-85e4-4629-8bd5-963cc03a46d0,genie.makeup,available,1.99,17.29,high,high,5,namesilo,,,30/09/2026 01:20
9957ca68-f36d-4e8b-ae65-d0ea01ca0343,postiche.makeup,available,1.8,19.98,medium,low,8,namecheap,,,17/08/2026 21:22
7a23ccc4-d1f8-476c-9dcf-54294898fb99,seconds.makeup,available,1.8,21.98,high,low,7,namecheap,,,25/09/2026 18:47
48f8932e-5dd7-4c89-b963-b0c046bec631,neonate.makeup,available,1.8,21.98,medium,low,7,namecheap,,,03/09/2026 16:44
bc55291a-4766-470f-8ae9-e66b19db66d3,leavened.makeup,available,1.8,19.98,medium,low,8,namecheap,,,22/08/2026 22:13
a2c09bf2-f28a-43b5-96ca-076e20a6aaca,sham.makeup,available,1.8,19.98,medium,low,4,namecheap,,,07/08/2026 08:06
8d07c9d6-d18c-41be-927d-9ed8f3d6ff48,hairless.makeup,available,1.8,19.98,medium,low,8,namecheap,,,20/08/2026 22:13
1c103e8a-f32c-40ab-a243-c6dd0c6918dc,kurrat.makeup,available,1.99,17.29,medium,low,6,namesilo,,,18/09/2026 11:14
98b9a789-15dc-46d4-a729-321bd6cfcf9d,candor.makeup,available,1.8,21.98,high,low,6,namecheap,,,24/09/2026 12:01
ec8c4526-de1f-483c-8465-a44920823a44,infrequent.makeup,available,1.8,19.98,medium,low,10,namecheap,,,22/08/2026 04:50
c57d9e07-2e18-410f-8639-46c7c00f203e,constraints.makeup,available,1.99,17.29,low,low,11,namesilo,,,20/09/2026 23:49
be415ed9-b10b-45bc-a085-afd4e9d48512,analyst.makeup,available,1.24,13.97,high,low,7,spaceship,,,28/09/2026 07:53
079177b8-8d1e-43ea-ba7f-33005f0ddbe2,dbs.makeup,premium,2070.2,2070.2,high,low,3,spaceship,,,01/10/2026 10:18
9f76445b-8fd1-42a0-9e82-9233aef5a01d,fugo.makeup,available,1.8,21.98,medium,low,4,namecheap,,,21/09/2026 23:09
24303fb9-6937-443f-aba3-c225491e5001,kong.makeup,premium,2660,2660,high,low,4,namesilo,,,25/09/2026 12:08
4feb5947-4bdd-43f9-b9c0-81d94fd34d5c,yon.makeup,available,1.8,21.98,medium,low,3,namecheap,,,13/09/2026 14:47
5e44aebc-c136-4d22-8ce9-be6942429594,absurdly.makeup,available,1.8,21.98,medium,low,8,namecheap,,,13/09/2026 16:46
481e737c-721d-4261-b692-33476f09f312,dressy.makeup,available,1.8,19.98,high,low,6,namecheap,,,14/08/2026 18:57
22cfc2a3-113a-438d-b725-27803732f8f5,twist.makeup,available,1.99,17.29,high,low,5,namesilo,,,28/09/2026 10:40
43ad053d-c22a-49c2-b47f-1f21b9dd3d69,skin.makeup,premium,11040,11040,high,low,4,namesilo,,,29/09/2026 09:48
a8ab9338-d4d5-4010-b91c-329a7e9fcc53,monger.makeup,available,1.99,17.29,medium,low,6,namesilo,,,22/09/2026 05:36
e97a603e-dad8-4923-b314-2e16365e5c14,spartanburg.makeup,available,1.54,14.21,high,low,11,porkbun,,,29/09/2026 22:45
2c47f135-76bc-476b-872a-b7d0172b52a8,sorrel.makeup,available,1.8,19.98,medium,low,6,namecheap,,,11/08/2026 06:31
3961133a-a725-4bff-8d6b-82fc227caf7d,triangle.makeup,available,1.99,17.29,high,low,8,namesilo,,,28/09/2026 09:33
8304b78a-e7e6-4735-a278-c9b8501be040,areola.makeup,available,1.8,21.98,medium,low,6,namecheap,,,20/09/2026 03:49
48b952c9-b41d-4c14-8a82-302bd059c56e,lusty.makeup,available,1.8,19.98,high,low,5,namecheap,,,12/08/2026 20:20
c7509738-40b8-40f4-b6b1-7bb603309365,forked.makeup,available,1.8,19.98,high,low,6,namecheap,,,09/08/2026 20:14
99390ddb-eb3b-4284-b827-af318e6de8b5,chivalrous.makeup,available,1.8,19.98,high,low,10,namecheap,,,12/08/2026 06:14
aa56629f-0a6e-4a00-bf2b-5a495d87ca60,demode.makeup,available,1.8,19.98,medium,low,6,namecheap,,,14/08/2026 01:13
29fcaedf-18c8-480a-9534-0d12289d8614,effortless.makeup,available,1.8,19.98,high,low,10,namecheap,,,15/08/2026 16:21
0f87ab85-975c-44a7-9d6e-cfebf6c4afb0,earn.makeup,available,1.8,21.98,high,low,4,namecheap,,,29/09/2026 20:44
5fa9c17d-7b94-4b7c-9fe5-60fc53465057,nrl.makeup,available,1.24,13.97,medium,low,3,spaceship,,,28/09/2026 10:31
6ded29fd-83dd-48bb-a211-d9fe2121e5b1,kanawha.makeup,available,1.99,17.29,medium,low,7,namesilo,,,29/09/2026 01:29
7fdeb4d7-0b8d-4cbd-aa30-266900db91ec,surrender.makeup,available,1.99,14.45,high,low,9,dynadot,,,28/09/2026 11:23
42fee63f-4cdf-48da-9360-79fdb426ada1,iain.makeup,available,1.99,17.29,medium,low,4,namesilo,,,29/09/2026 15:22
21c4df0e-fe81-4adf-a2bc-9346d032fd07,qualitative.makeup,available,1.24,13.97,high,low,11,spaceship,,,30/09/2026 21:34
13ed4715-27f4-4df7-9019-bc86e73f45ee,fits.makeup,available,1.99,17.29,medium,low,4,namesilo,,,18/09/2026 18:43
2f670117-556a-448a-a5ea-d473899f50ca,langdon.makeup,available,1.24,13.97,medium,low,7,spaceship,,,28/09/2026 16:35
bde99fb3-36f1-4992-9bc8-0d67f7351814,abettal.makeup,available,1.99,17.29,medium,low,7,namesilo,,,16/09/2026 15:18
b9ac3042-3feb-474b-8fb7-5e859a9ffec8,vasco.makeup,available,1.99,14.45,high,low,5,dynadot,,,29/09/2026 09:56
fb07eb9f-1655-494b-8f4b-f4c285743989,audibly.makeup,available,1.8,21.98,medium,low,7,namecheap,,,13/09/2026 22:44
b7f8c1d3-60d4-4111-8653-255a850b4b36,bitewing.makeup,available,1.99,17.29,medium,low,8,namesilo,,,23/09/2026 22:28
7c37d641-a424-43f4-a0d0-1c9b894168ce,ankara.makeup,available,1.8,21.98,high,low,6,namecheap,,,19/09/2026 07:05
94231310-d252-4cf1-bdea-cdcf65652def,rangers.makeup,available,1.99,17.29,high,medium,7,namesilo,,,28/09/2026 13:30
74e87209-5edb-41b3-ae63-c0d7511a6d19,ricketts.makeup,available,1.99,14.45,medium,low,8,dynadot,,,30/09/2026 05:23
3919bb10-9ba6-46c1-81be-da250f3e3b1a,polk.makeup,available,1.99,17.29,high,low,4,namesilo,,,29/09/2026 07:22
bc0c13d1-649e-4a9c-b2c4-8ba651ebfce0,volunteer.makeup,available,1.8,21.98,high,low,9,namecheap,,,13/09/2026 07:13
715798de-3f26-4613-a9b8-52242c58fad5,ashford.makeup,available,1.8,21.98,medium,low,7,namecheap,,,29/09/2026 04:30
4719184b-cbaa-45d3-97dd-a6fbe95f0597,latest.makeup,resell,16.98,,high,low,6,Porkbun LLC,04/01/2026 16:10,04/01/2027 23:59,26/09/2026 07:09
64251cd3-ea48-41ba-96bc-f891675d595f,forcing.makeup,available,1.24,13.97,medium,low,7,spaceship,,,28/09/2026 12:56
0beb4fd8-626e-4a55-95e4-f96bdcb2bb5c,candied.makeup,available,1.8,19.98,medium,low,7,namecheap,,,11/08/2026 16:48
5c85fda1-b10b-4cca-b086-51fc2667a50f,gustatory.makeup,available,1.8,19.98,medium,low,9,namecheap,,,20/08/2026 21:07
774ad3ac-d014-41d6-9195-d2dac0d97c53,craggy.makeup,available,1.8,19.98,medium,low,6,namecheap,,,13/08/2026 04:44
a030c77a-0a89-446f-8793-748ee6407898,lex.makeup,available,1.99,17.29,high,medium,3,namesilo,,,29/09/2026 08:28
bc1b070e-ab72-476e-b4d7-06b888681b39,artaxerxes.makeup,available,1.99,17.29,medium,low,10,namesilo,,,20/09/2026 10:06
e58c3130-24d8-4218-af9e-c4614d215fd5,hurtful.makeup,available,1.8,19.98,medium,low,7,namecheap,,,14/08/2026 00:28
b9aa5536-a6fe-4dc9-b8b8-4bbfcb2cb796,divinely.makeup,available,1.8,21.98,medium,low,8,namecheap,,,14/09/2026 13:27
15bdda88-de8e-4c48-a686-9af2a0d7f81e,fil.makeup,available,1.24,13.97,high,low,3,spaceship,,,30/09/2026 03:20
833ea1ce-7fdc-41f2-9902-0d61aa1fef0f,nonexempt.makeup,available,1.8,21.98,medium,low,9,namecheap,,,03/09/2026 19:09
e5b942e9-d556-4d57-bc5c-fc9c5cfd98de,mcneil.makeup,available,1.24,13.97,high,medium,6,spaceship,,,28/09/2026 17:55
26d46397-40de-4ed9-a28d-eaea98aa7146,gall.makeup,available,1.8,21.98,medium,low,4,namecheap,,,23/09/2026 15:42
7f9a87fb-8714-402d-9045-16fd7978590f,bluewing.makeup,available,1.99,17.29,medium,low,8,namesilo,,,19/09/2026 02:57
2497fd12-4f85-4f19-bb25-602b99955cde,thicker.makeup,available,1.24,13.97,medium,low,7,spaceship,,,29/09/2026 16:25
6ff43ebb-3d77-4a2e-8a97-c6b292a91e3b,mentation.makeup,available,1.8,21.98,medium,low,9,namecheap,,,11/09/2026 13:33
1fb3c26b-7917-4a18-905d-ca2f968a0d22,chancy.makeup,available,1.8,19.98,medium,low,6,namecheap,,,12/08/2026 01:41
ff6fdb1a-d59a-4320-9814-8ae55a68504b,oxidative.makeup,available,1.8,21.98,medium,low,9,namecheap,,,04/09/2026 22:23
c3c059fe-f596-4b99-a861-d9d87da13eb4,astonishing.makeup,available,1.24,13.97,high,low,11,spaceship,,,29/09/2026 21:10
3ee1e8fa-17e0-4c68-b2ef-8b16af8414c8,brawny.makeup,available,1.8,19.98,high,low,6,namecheap,,,11/08/2026 02:47
bd128d54-6d4d-4865-b4e4-cc89014bb406,anomy.makeup,available,1.8,21.98,medium,low,5,namecheap,,,19/09/2026 11:32
8449a21c-133e-4282-938d-52b421fb3093,organismal.makeup,available,1.8,21.98,medium,low,10,namecheap,,,04/09/2026 17:47
2f40a387-d3d0-4202-a9b0-2edcfc07095d,tractors.makeup,available,1.99,17.29,medium,low,8,namesilo,,,21/09/2026 06:24
64297aeb-1f46-4368-ba5f-323741bf49ca,flexibility.makeup,available,1.24,13.97,high,low,11,spaceship,,,29/09/2026 16:16
ab23dfe0-53e3-4c22-bf08-90cad1bd42ec,manslaughter.makeup,available,1.99,14.45,medium,low,12,dynadot,,,28/09/2026 22:46
ca745868-e3ce-47da-afb9-42ba28bf5816,preferred.makeup,available,1.8,19.98,high,low,9,namecheap,,,09/08/2026 17:53
bc7d3914-0584-485d-b8fd-610963ed429c,hcl.makeup,available,1.24,13.97,medium,low,3,spaceship,,,29/09/2026 17:21
7b87b2c4-0358-43cb-8e9e-e13a63a9afbc,pahlavi.makeup,available,1.99,17.29,high,low,7,namesilo,,,01/10/2026 03:01
c2abadab-3d93-4163-b897-81a0f0a95a91,committees.makeup,available,1.99,17.29,medium,low,10,namesilo,,,20/09/2026 09:05
fc0f1eca-bf39-42e5-a728-fca5ee8a6afc,gracie.makeup,available,1.8,21.98,high,low,6,namecheap,,,18/09/2026 10:48
09343f1f-d9f7-4292-a0c4-8367f30055b7,literary.makeup,available,1.54,14.21,high,low,8,porkbun,,,28/09/2026 07:59
d48d69ba-2459-4103-ac9e-63849b344e4a,resinous.makeup,available,1.8,21.98,medium,low,8,namecheap,,,09/09/2026 15:13
ed616316-d580-4adc-b7d2-fb37476890e7,lesbian.makeup,available,1.8,19.98,high,low,7,namecheap,,,23/08/2026 00:15
02635a27-2340-4e8e-a8d7-9a3c7018e6c3,squared.makeup,available,1.8,21.98,high,low,7,namecheap,,,10/09/2026 17:27
280adfc5-9c27-4923-8305-124fbcc0e6a9,bilingual.makeup,available,1.8,19.98,high,low,9,namecheap,,,09/08/2026 21:21
371ba372-ce23-41fb-906a-3808a6663b72,secretaries.makeup,available,1.8,21.98,medium,low,11,namecheap,,,30/09/2026 00:46
daa4de19-7807-42e0-99cc-309b45ab32b4,intertidal.makeup,available,1.8,19.98,high,low,10,namecheap,,,22/08/2026 08:21
667a1444-44c1-4845-9575-f08320f9e49c,centerville.makeup,available,1.24,13.97,medium,low,11,spaceship,,,30/09/2026 22:06
a7dccce3-9dff-4678-9ed2-4ea74a9579a9,guarneri.makeup,available,1.8,21.98,medium,low,8,namecheap,,,19/09/2026 04:22
e29c9817-17c2-445f-9e05-f449db21180f,knitting.makeup,available,1.24,13.97,high,low,8,spaceship,,,29/09/2026 01:31
e5be8e99-54ac-4264-9000-c4a39a052f43,tendency.makeup,available,1.8,19.98,high,low,8,namecheap,,,22/08/2026 22:11
27eba234-65f7-4ead-b9e4-3e9426eac111,farming.makeup,available,1.8,19.98,high,low,7,namecheap,,,17/08/2026 22:33
e0f76f22-a3e8-430f-94fc-cac13bd6ccb2,ativan.makeup,available,1.99,20.99,medium,low,6,name.com,,,20/09/2026 21:30
edf3cf2c-aabe-4d6f-9cb3-4c5610612b92,february.makeup,available,1.24,13.97,high,low,8,spaceship,,,29/09/2026 19:03
e4bb0e66-91fb-4fca-bf3a-d26496e15875,boyne.makeup,available,1.99,20.99,medium,low,5,name.com,,,22/09/2026 14:51
1dc7ac6b-430c-43d8-baaf-ab02fc91048c,soften.makeup,available,1.24,13.97,high,low,6,spaceship,,,30/09/2026 09:18
f86c1097-1bab-49f7-8dde-df366fe391c9,cutely.makeup,available,1.8,21.98,medium,low,6,namecheap,,,14/09/2026 09:59
634a0fc1-d740-43af-adac-c612096eef08,alarming.makeup,available,1.65,15.75,medium,low,8,namesilo,,,
8b02225d-2331-4bcc-9848-d92d2dd2f209,aussie.makeup,available,1.99,17.29,high,low,6,namesilo,,,22/09/2026 13:32
22aeb089-9697-4efe-83d3-5574ed3f8ef0,highly.makeup,available,1.99,17.29,medium,low,6,namesilo,,,28/09/2026 14:51
a935803c-ec0f-4c27-92c8-071accce61fc,crusted.makeup,available,1.8,19.98,medium,low,7,namecheap,,,13/08/2026 09:22
3d827083-9b8a-40fc-b4c6-079d1b744284,skateboarding.makeup,available,1.99,,high,low,13,name.com,,,
ad1bc3b6-f04a-4e2c-8f30-efe5c3627836,limbless.makeup,available,1.8,19.98,medium,low,8,namecheap,,,23/08/2026 12:35
634f1dd1-6373-4559-a0b7-1bd180dc1a87,moneymakers.makeup,available,1.8,21.98,medium,low,11,namecheap,,,20/09/2026 18:20
3f5066e1-6ed0-40f2-b5c5-3ffaf13fc410,audition.makeup,available,1.99,17.29,high,low,8,namesilo,,,21/09/2026 03:09
5d4bcb51-a958-41ea-8068-1440792b58e6,scurrilous.makeup,available,1.65,15.75,medium,low,10,namesilo,,,
b4e370b4-da26-47fe-a808-781cb32820aa,yeti.makeup,premium,2660,2660,high,high,4,namesilo,,,16/09/2026 16:30
89c98a45-f6a9-4efc-b67f-56451f61ed2d,amplitudes.makeup,available,1.99,17.29,medium,low,10,namesilo,,,30/09/2026 00:33
b2cee021-3ad5-4a8d-995a-71c4d76870dc,spectre.makeup,available,1.8,21.98,high,low,7,namecheap,,,08/09/2026 18:42
69669032-3e71-4b19-86e9-d3212ae72efe,fixes.makeup,available,1.99,14.45,medium,low,5,dynadot,,,01/10/2026 18:27
0a5aab71-ff1f-4cce-8538-1944c82082d4,charismatic.makeup,available,1.99,17.29,high,low,11,namesilo,,,30/09/2026 12:00
d448b5ec-008b-42e4-8d1c-ec5304e2f7cf,gaslit.makeup,available,1.99,17.29,medium,low,6,namesilo,,,17/09/2026 16:25
42ddccd8-0a5c-43ad-98d5-1fc9999f13b6,curses.makeup,available,1.99,17.29,medium,low,6,namesilo,,,01/10/2026 22:40
36cc4e28-1f82-492d-af32-623e5259764a,habitable.makeup,available,1.8,19.98,high,low,9,namecheap,,,20/08/2026 21:25
9090f9cb-e72e-4f70-a42f-38a07f4e43ae,hazards.makeup,available,1.54,14.21,medium,low,7,porkbun,,,01/10/2026 17:26
5e1a4ac5-a946-4a3f-9465-530f32cf2d1c,vegas.makeup,premium,2660,2660,high,low,5,namesilo,,,25/09/2026 15:39
586e4c32-4e5a-4b98-aa17-b55871b0233f,scalable.makeup,available,1.8,21.98,high,low,8,namecheap,,,09/09/2026 22:15
0db8f855-5fa5-407f-a80f-2a07907a6a19,wartime.makeup,available,1.99,17.29,medium,low,7,namesilo,,,30/09/2026 11:19
4fd79908-7f8e-4da4-86fe-c689a3887104,limbic.makeup,available,1.8,19.98,medium,low,6,namecheap,,,23/08/2026 11:49
e7520596-18f3-467e-ac47-78df2f4c8ddd,sunroof.makeup,available,1.24,13.97,high,low,7,spaceship,,,30/09/2026 12:27
73260ebf-f423-468e-acef-d5ed3aead1f4,athletics.makeup,available,1.99,17.29,high,medium,9,namesilo,,,28/09/2026 22:59
44001587-f783-4308-93f3-1a32a5df6905,alated.makeup,available,1.65,15.75,medium,low,6,namesilo,,,
3e559b03-48c2-403a-8443-670dfd4441b2,fictitious.makeup,available,1.8,19.98,medium,low,10,namecheap,,,07/08/2026 07:50
97d22825-03ca-4bf7-96ea-07c58fe91eb1,herein.makeup,available,1.8,21.98,medium,low,6,namecheap,,,15/09/2026 00:30
84460c4c-37e7-4b38-bdfa-59a61c054de4,ardeidae.makeup,available,1.99,17.29,medium,low,8,namesilo,,,20/09/2026 03:06
94907bbc-003e-40e5-98dd-e26bacc22f45,realizable.makeup,available,1.99,17.29,high,low,10,namesilo,,,21/09/2026 15:51
1ad87e4d-85aa-4942-abbe-75bfb0d109b1,meredith.makeup,premium,2660,2660,high,low,8,namesilo,,,25/09/2026 06:29
a9fa732a-ebf3-447f-aaa9-585e96c6f98c,circles.makeup,available,1.24,13.97,high,high,7,spaceship,,,27/09/2026 23:59
927837f2-55b7-4cb0-bfff-fac637fa6ea6,bindweed.makeup,available,1.99,17.29,medium,low,8,namesilo,,,23/09/2026 17:12
abdbbfc6-ddc7-41b4-b989-ba58f068b93d,unshelled.makeup,available,1.8,21.98,high,medium,9,namecheap,,,10/09/2026 06:23
085badb0-ede9-499d-9d57-eb7dff5f76b3,yale.makeup,premium,2660,2660,high,low,4,namesilo,,,25/09/2026 05:27
815e1453-a164-4351-b858-18a34903b4d1,shortest.makeup,available,1.99,17.29,medium,low,8,namesilo,,,17/09/2026 14:24
7dd593f4-eb62-4931-8cb8-14f039553e32,bandwidth.makeup,available,1.99,17.29,high,high,9,namesilo,,,22/09/2026 01:36
05e993e3-26d4-4b93-881c-7cfe89f6e968,jaded.makeup,available,1.8,19.98,medium,low,5,namecheap,,,22/08/2026 11:58
6f6a51fe-fdd3-437b-bebb-1f0e49980e91,jamming.makeup,available,1.24,13.97,medium,low,7,spaceship,,,01/10/2026 19:23
521244c6-6402-47f7-bfd7-7b83b9589239,folksy.makeup,available,1.8,19.98,high,low,6,namecheap,,,13/08/2026 04:22
65b3e3f5-0d73-4654-8e7d-c7cb9b97d4aa,carob.makeup,available,1.99,17.29,high,low,5,namesilo,,,18/09/2026 06:50
067844bc-2a4d-4193-ad9f-60fc57ec4da8,barrier.makeup,available,1.8,21.98,medium,low,7,namecheap,,,29/09/2026 01:15
ca645121-d657-4a95-aeea-42fddec26ea7,cbe.makeup,available,1.54,14.21,high,low,3,porkbun,,,29/09/2026 09:19
d33983cf-52e5-4603-93b4-47ac0f876cbf,voiceless.makeup,available,1.8,19.98,medium,low,9,namecheap,,,05/08/2026 23:23
0672a950-5eb3-41e8-b000-52be507ba7ea,keynesian.makeup,available,1.8,19.98,medium,low,9,namecheap,,,22/08/2026 15:46
b2f4a649-1fd3-499c-be60-8c316b64da55,litigate.makeup,available,1.99,17.29,medium,low,8,namesilo,,,17/09/2026 05:06
3bdcf215-d858-4df5-957b-77a93b242e1b,succulent.makeup,available,1.8,21.98,high,low,9,namecheap,,,11/09/2026 00:58
625339ff-a94f-4c1a-9233-ed3d17640773,tatum.makeup,available,1.99,17.29,high,low,5,namesilo,,,20/09/2026 10:00
146021c6-2362-4d26-8b2a-4587254202e3,epstein.makeup,available,1.99,17.29,high,low,7,namesilo,,,27/09/2026 03:50
1c2ed654-0844-4cc6-b273-11c2cb6266d0,aspirations.makeup,available,1.99,17.29,low,low,11,namesilo,,,29/09/2026 23:55
ec2081a5-9b95-4cd3-84f6-97f86089214a,eventual.makeup,available,1.24,13.97,high,low,8,spaceship,,,30/09/2026 14:31
1fe97299-f7b0-41be-9d76-9d5d747f141b,semipublic.makeup,available,1.8,21.98,medium,low,10,namecheap,,,10/09/2026 03:17
dbf8feab-dfdb-4eb0-9793-f4d1def1c084,berea.makeup,available,1.24,13.97,medium,low,5,spaceship,,,01/10/2026 12:24
18c36457-14a0-4855-b6d9-6c4796a7df15,devil.makeup,available,1.99,17.29,medium,low,5,namesilo,,,23/09/2026 01:20
1155536d-fcb4-4cf1-a9ca-f75f8e550a42,appetite.makeup,available,1.8,21.98,high,low,8,namecheap,,,19/09/2026 20:41
0f20b12f-87d2-43ad-a451-8fda46ce8d93,comate.makeup,available,1.8,19.98,low,low,6,namecheap,,,12/08/2026 18:20
c94b5495-1064-4f37-8953-d0f615f3a276,genuine.makeup,available,1.99,17.29,high,low,7,namesilo,,,24/09/2026 13:20
240ea942-55c8-4b47-87cf-77484a7cf66d,alger.makeup,available,1.99,17.29,medium,low,5,namesilo,,,18/09/2026 06:56
c50c7782-13e6-48ec-b10b-76c0d14b7b9a,felicity.makeup,available,1.99,17.29,high,low,8,namesilo,,,29/09/2026 12:15
76fd24d1-63cb-4673-981b-e614d1fb7de3,commissions.makeup,available,1.24,13.97,medium,low,11,spaceship,,,01/10/2026 00:07
f6582e50-42e5-41ed-ab52-508a8079fe47,epiphany.makeup,available,1.99,14.45,high,low,8,dynadot,,,02/10/2026 04:43
d478cb3e-f20f-4a89-b7b3-b7601eba96d5,buccal.makeup,available,1.8,19.98,medium,low,6,namecheap,,,11/08/2026 07:27
83b28c83-115e-49c8-9ff9-e08729b6afbc,sideboard.makeup,available,1.99,17.29,high,low,9,namesilo,,,24/09/2026 10:55
762bb360-e9cb-4fa1-804d-30a8c8bfcb1e,ssa.makeup,available,1.99,17.29,high,low,3,namesilo,,,29/09/2026 08:03
03c9a921-c949-46ca-a33b-bf73ab2b7a87,freaks.makeup,available,1.24,13.97,medium,low,6,spaceship,,,30/09/2026 00:34
be882324-529c-4064-b417-e86dd636b12f,unlit.makeup,available,1.8,21.98,medium,low,5,namecheap,,,12/09/2026 13:03
a4ba02a7-edcb-4b13-be75-d94cc4deb5b8,pleural.makeup,available,1.8,21.98,medium,low,7,namecheap,,,08/09/2026 21:15
d16b1659-7e95-41c8-a0bb-442c5de3e1f7,materialize.makeup,available,1.24,13.97,high,low,11,spaceship,,,01/10/2026 23:04
881dd021-faa4-4956-9da5-b7723699a1f6,maintain.makeup,available,1.99,17.29,high,low,8,namesilo,,,29/09/2026 22:52
e59f2207-573d-4fce-97a9-b29747523724,nicotine.makeup,available,1.99,17.29,medium,low,8,namesilo,,,29/09/2026 19:49
8efe5833-8b97-4f7f-8328-b2efebcb5378,plo.makeup,available,1.99,17.29,medium,low,3,namesilo,,,28/09/2026 10:40
20545ef5-3bcb-4dce-a8ed-703594b17bc8,gamba.makeup,available,1.99,17.29,medium,low,5,namesilo,,,22/09/2026 11:54
b29b24ac-9b3a-4842-b9b5-00b33f4a2569,finest.makeup,available,1.99,17.29,high,low,6,namesilo,,,25/09/2026 18:42
ff0e86b0-bfc8-4b6d-ba55-c3249d76435f,baldachin.makeup,available,1.8,21.98,medium,low,9,namecheap,,,21/09/2026 21:30
18ba0d49-ed0f-40a4-8cf9-c731eeae3d84,anaphora.makeup,available,1.99,17.29,medium,low,8,namesilo,,,19/09/2026 02:13
148f4b59-703a-4d2c-8384-f98a8e9dde4f,punitive.makeup,available,1.8,21.98,high,medium,8,namecheap,,,09/09/2026 06:02
8446072d-1091-43bf-8ad5-d8cc39aca0fc,dyadic.makeup,available,1.8,19.98,medium,low,6,namecheap,,,14/08/2026 21:52
d91f9470-b505-42f0-836d-f378b782bf25,pedro.makeup,available,1.99,17.29,high,low,5,namesilo,,,28/09/2026 03:54
75e31a4e-ea5c-4327-b5e3-cabaa482b398,airstream.makeup,available,1.99,17.29,high,low,9,namesilo,,,17/09/2026 23:23
3f96c4ab-20a6-4585-b724-94e00483f145,blinking.makeup,available,1.99,17.29,high,low,8,namesilo,,,22/09/2026 21:58
8ddc928e-fd05-4b7c-b299-7044382e928e,strapped.makeup,available,1.24,13.97,medium,low,8,spaceship,,,30/09/2026 00:36
375b87c9-5108-4b09-8f61-76fb6608696c,melanie.makeup,available,1.99,17.29,medium,low,7,namesilo,,,27/09/2026 07:18
e91116c9-98a0-428a-a3ba-cabe63ee61ac,shag.makeup,available,1.8,19.98,medium,low,4,namecheap,,,18/08/2026 17:33
f2927a44-ae71-44e1-b593-a8c8db5f91e7,totally.makeup,available,1.99,17.29,high,low,7,namesilo,,,22/09/2026 00:22
2aeab809-7b27-4e19-a2ee-18a3eff26f6a,vie.makeup,available,1.99,17.29,high,low,3,namesilo,,,30/09/2026 17:35
1e844bd9-e1b3-41db-9efe-a370d57b53dc,aquamarine.makeup,available,1.99,17.29,high,low,10,namesilo,,,19/09/2026 22:49
f26c9871-52ea-4455-8c31-a4288ad10f68,ergonomics.makeup,available,1.8,21.98,high,low,10,namecheap,,,23/09/2026 17:53
8e8b0904-68c8-42d2-a672-28d9072aca03,shielding.makeup,available,1.99,17.29,high,low,9,namesilo,,,30/09/2026 11:01
cbfe600d-4424-4304-a600-e773882f7363,stubborn.makeup,available,1.8,21.98,high,low,8,namecheap,,,25/09/2026 23:51
24392e3b-a5a5-4870-865a-df6bf407223a,allahabad.makeup,available,1.99,14.45,medium,low,9,dynadot,,,30/09/2026 05:15
048fdb86-3f4e-4343-ba35-8e4dc71fcfd9,munition.makeup,available,1.99,17.29,medium,low,8,namesilo,,,20/09/2026 07:44
ada9029b-aa82-4e98-973c-a2b72a97e81a,apothecium.makeup,available,1.8,21.98,medium,low,10,namecheap,,,19/09/2026 19:43
37ef0b8b-b951-4c0e-9338-33c15e3528d5,thin.makeup,available,1.8,19.98,high,low,4,namecheap,,,14/08/2026 07:47
2efe453c-fa05-41f9-bacc-1b924d9caf16,bedouin.makeup,available,1.99,17.29,high,low,7,namesilo,,,22/09/2026 23:26
e6291ec2-a457-4169-a08e-eb56e9cd62f9,diary.makeup,available,1.99,17.29,high,low,5,namesilo,,,24/09/2026 22:13
f7457c33-d1c0-43a4-aa8d-5e8bf1c61a28,miscible.makeup,available,1.8,19.98,medium,low,8,namecheap,,,25/08/2026 01:23
35c9b717-503a-40dd-a532-e81bf7633107,wishing.makeup,available,1.24,13.97,high,low,7,spaceship,,,30/09/2026 14:46
877ef27d-94bb-4a8c-ad13-e6241144196d,armour.makeup,premium,2660,2660,medium,low,6,namesilo,,,20/09/2026 07:22
f3d6ad1e-71e9-4b36-81c8-9b62471f03ea,rough.makeup,available,1.8,19.98,high,low,5,namecheap,,,06/08/2026 09:39
eeed7426-c045-4f3c-ba9e-4bda38aee7c6,riddle.makeup,available,1.99,17.29,high,low,6,namesilo,,,24/09/2026 08:02
babecc09-c85b-4606-a5f3-134a2de14af5,hatred.makeup,available,1.99,17.29,medium,low,6,namesilo,,,29/09/2026 22:18
6596fcbb-b6d2-4ee4-975e-5268bb82628d,pillow.makeup,available,1.54,14.21,high,low,6,porkbun,,,28/09/2026 02:55
e613c14f-6d09-47a5-950e-03a06e05b2ac,attempt.makeup,available,1.99,17.29,high,low,7,namesilo,,,28/09/2026 23:03
1d1669a1-f846-4fcf-b722-f2a995375568,plenty.makeup,available,1.8,19.98,high,low,6,namecheap,,,17/08/2026 09:49
0f152199-c129-4119-9c90-0510278ca442,infantile.makeup,available,1.8,19.98,medium,low,9,namecheap,,,12/08/2026 05:04
29d801b4-fad7-4835-8678-48b4b1c9dbd2,canadas.makeup,available,1.99,,medium,low,7,name.com,,,
16e30774-1426-46ba-a477-23013b1df2f6,isotopic.makeup,available,1.8,19.98,medium,low,8,namecheap,,,22/08/2026 11:26
d9113f2a-22e4-4bbc-97ca-a3c249a38634,jovial.makeup,available,1.8,19.98,high,low,6,namecheap,,,22/08/2026 13:42
6b9415fc-79f2-4ce7-ade2-8bbfaf062458,hutton.makeup,available,1.99,17.29,high,low,6,namesilo,,,25/09/2026 07:41
2b262d37-179a-4b18-9ea6-9a030a070280,intentions.makeup,available,1.24,13.97,medium,low,10,spaceship,,,27/09/2026 22:32
dfffa27f-f7e0-45e6-a50d-7677663f456b,cancellation.makeup,available,1.24,13.97,medium,low,12,spaceship,,,29/09/2026 10:21
83ff2399-172a-4f80-afea-d2c9d552c584,hui.makeup,premium,832,832,high,low,3,namesilo,,,27/09/2026 07:46
030c5303-f5d5-44fc-a5f8-4e0adc79da12,frustrated.makeup,available,1.99,17.29,medium,low,10,namesilo,,,24/09/2026 10:57
8524f7a7-7d93-49a3-bfe7-b886f75fdaaf,jasmine.makeup,available,,,high,low,7,,,,
de6397be-1ba5-4b16-aaaa-97242e9d240b,toby.makeup,available,1.24,13.97,high,low,4,spaceship,,,28/09/2026 03:08
f1be0eb8-ee70-46ff-b2c2-25fd160488fe,etch.makeup,available,1.24,13.97,high,low,4,spaceship,,,30/09/2026 19:14
a8b2e5f9-34bd-46b9-9627-b51db04365c5,attendants.makeup,available,1.24,13.97,medium,low,10,spaceship,,,01/10/2026 16:38
330af1cb-7044-4a50-80ba-932a3eb7353d,perceived.makeup,available,1.99,17.29,high,low,9,namesilo,,,27/09/2026 03:28
0d008026-5021-4b43-a0d5-9ffcb62acbd3,conscientious.makeup,available,1.24,13.97,high,low,13,spaceship,,,30/09/2026 19:32
c596d07a-fd94-45ab-b4a0-93007660650b,learner.makeup,available,1.99,17.29,high,low,7,namesilo,,,19/09/2026 22:19
5f2751c2-5029-4980-8454-cf566e06bf0f,chapped.makeup,available,1.8,19.98,medium,low,7,namecheap,,,12/08/2026 02:20
1b698d96-09c2-4829-b730-7dee210f2699,emmet.makeup,available,1.99,17.29,medium,low,5,namesilo,,,19/09/2026 12:15
065205cc-ea0b-4f3d-9d32-21087700e7bd,swarthy.makeup,available,1.8,21.98,medium,low,7,namecheap,,,11/09/2026 05:25
448c5d64-3a24-4165-9c25-d77c635c209e,childly.makeup,available,1.8,19.98,medium,low,7,namecheap,,,12/08/2026 05:14
4f2fd4ff-274d-4d82-bd74-ce4fc5eede66,uppercase.makeup,available,1.99,17.29,high,low,9,namesilo,,,25/09/2026 16:20
ba00f883-c906-4696-b43e-7e321b9ae86f,quintuple.makeup,available,1.8,19.98,medium,low,9,namecheap,,,18/08/2026 05:54
d7626165-942c-48e6-8ffb-41fb026577b7,tack.makeup,available,1.99,17.29,high,low,4,namesilo,,,30/09/2026 09:41
846788ed-9bb7-41cf-8a87-bcb116e5368f,portals.makeup,available,1.54,14.21,high,low,7,porkbun,,,01/10/2026 17:55
53c6e827-1088-4310-afa9-db1d42299a45,straw.makeup,available,1.8,21.98,high,low,5,namecheap,,,10/09/2026 22:03
0404a8f7-43e1-485f-a560-74a3f2cb5b29,connell.makeup,available,1.24,13.97,medium,low,7,spaceship,,,28/09/2026 22:06
93052356-157c-44b0-b0f6-5f0d27bfe9d6,paraffin.makeup,available,1.8,21.98,high,low,8,namecheap,,,18/09/2026 08:24
2589a968-b67b-488e-9013-9c55ae33cabd,inca.makeup,available,1.8,19.98,high,low,4,namecheap,,,22/08/2026 00:46
35f80c17-873a-4c21-8f65-dff528551a25,manifestly.makeup,available,1.8,21.98,medium,low,10,namecheap,,,08/09/2026 20:23
6c8b94b9-eb5d-47db-824a-52bf20e893d3,abrupt.makeup,available,1.65,15.75,high,low,6,namesilo,,,
33a572e3-7de4-4ea5-9ed2-5ac9718cce74,proposed.makeup,available,1.99,17.29,medium,low,8,namesilo,,,28/09/2026 04:49
4f0d44cd-186f-4234-beb5-c57e2ef755cf,unfocused.makeup,available,1.8,21.98,medium,low,9,namecheap,,,12/09/2026 10:32
27803041-1970-4110-8620-ef663d325bc7,peeved.makeup,available,1.65,15.75,medium,low,6,namesilo,,,
6c363d90-95df-4b02-b05a-b8bed0fcd9dc,careful.makeup,available,1.99,17.29,high,low,7,namesilo,,,23/09/2026 12:50
48dcb393-e86b-4894-a9dd-e96bc3cdd98a,salute.makeup,available,1.99,14.45,high,low,6,dynadot,,,28/09/2026 06:25
939e8cfb-910f-4ca9-b996-2c2f16964001,chain.makeup,premium,2660,2660,high,low,5,namesilo,,,29/09/2026 07:52
519ee8df-ffcd-4af3-bd46-5f4020d8fa7c,devilish.makeup,available,1.8,19.98,medium,low,8,namecheap,,,14/08/2026 05:06
d2095a8b-71c7-43ad-984e-b9b196ee9ff4,creaky.makeup,available,1.8,19.98,medium,low,6,namecheap,,,06/08/2026 22:59
cf7cc294-cf74-4d52-8aef-e36f00dded49,future.makeup,premium,2660,2660,high,medium,6,namesilo,,,24/09/2026 22:10
1cabac6f-13dc-4b2c-8dfb-00c8833df5ea,annuity.makeup,available,1.99,17.29,high,low,7,namesilo,,,19/09/2026 10:58
309ecdd9-4197-47ad-a566-084b09f7fd47,yesterday.makeup,available,1.99,14.45,high,low,9,dynadot,,,28/09/2026 16:50
c1197d38-4ac1-42f7-b382-ef6fc588bf69,shaken.makeup,available,1.8,21.98,high,low,6,namecheap,,,10/09/2026 05:44
dcd8d198-ec39-4fde-934c-2f98084a1713,townsite.makeup,available,1.24,13.97,high,low,8,spaceship,,,30/09/2026 12:32
1eb7ebf8-cad5-49ff-91b0-68d9e139a7c8,substantial.makeup,available,1.24,13.97,high,low,11,spaceship,,,01/10/2026 05:35
7676803b-bb90-4c65-961a-cb5c8aabfc05,xxxviii.makeup,available,1.65,15.75,medium,low,7,namesilo,,,
97c8b7d2-178b-4be8-bf57-8f38973cd14a,agni.makeup,available,1.99,17.29,medium,low,4,namesilo,,,17/09/2026 18:43
e3128469-0b97-4073-8f44-ccadfef65c23,whyte.makeup,available,1.99,17.29,high,low,5,namesilo,,,29/09/2026 10:00
07f5c207-7d77-4063-9fe6-697a7de71c4b,illustrations.makeup,available,1.99,17.29,medium,low,13,namesilo,,,01/10/2026 15:25
6d7b3046-6390-4226-b44f-8e761552f664,almagrib.makeup,available,1.8,19.98,medium,low,9,namecheap,,,24/08/2026 16:25
55e893e7-850c-4609-8ea1-0163a3ca7c43,cylinders.makeup,available,1.99,17.29,low,low,9,namesilo,,,30/09/2026 06:02
7d41830b-73dc-4614-a8fe-6fe4938c147b,postural.makeup,available,1.8,21.98,medium,low,8,namecheap,,,09/09/2026 00:40
545b4e27-50fb-43d1-9529-fdd80e2d45b3,brainy.makeup,available,1.8,19.98,high,low,6,namecheap,,,11/08/2026 01:53
2526ac1f-0286-4fbb-8c2f-25fafd4369c6,drogue.makeup,available,1.99,17.29,medium,low,6,namesilo,,,17/09/2026 21:47
9ac8a507-5990-4294-85aa-5b6b525b3c56,synchronic.makeup,available,1.8,21.98,medium,low,10,namecheap,,,11/09/2026 06:15
9a429788-2cb3-4540-ad50-b280f88c2175,converges.makeup,available,1.99,17.29,medium,low,9,namesilo,,,29/09/2026 11:40
2c63bd86-cacf-4720-bd0c-4278b020f4f9,topnotch.makeup,available,1.65,15.75,high,low,8,namesilo,,,
7a0b0657-436c-481f-bdd2-ed0e9d85ae9b,fulgurous.makeup,available,1.99,20.99,medium,low,9,name.com,,,13/08/2026 19:01
15e4fed8-c552-490a-95cb-379021b28c87,athletic.makeup,available,1.99,17.29,high,low,8,namesilo,,,21/09/2026 16:12
f53d7029-9c78-46ab-9baf-dc3372df0a37,moated.makeup,available,1.8,19.98,medium,low,6,namecheap,,,25/08/2026 02:14
79aef033-98e1-4b09-9da4-b6853ee4d744,ets.makeup,available,1.24,13.97,high,medium,3,spaceship,,,30/09/2026 13:24
27f8ea91-ccdf-4720-866e-edc830ce93ba,bending.makeup,available,1.99,17.29,medium,low,7,namesilo,,,23/09/2026 07:44
44487065-9a88-4a93-a644-9797d586bc96,finding.makeup,available,1.99,17.29,high,low,7,namesilo,,,19/09/2026 14:57
d65007d5-a22d-43a4-add7-f11114c791e1,spoil.makeup,available,1.8,21.98,high,low,5,namecheap,,,25/09/2026 14:15
609df56a-4655-43ef-8242-2945ce74b772,qualify.makeup,available,1.24,13.97,high,low,7,spaceship,,,28/09/2026 06:57
848bc25c-8ffb-4bc7-8065-24f0a1bf2760,editions.makeup,available,1.24,13.97,medium,low,8,spaceship,,,30/09/2026 15:12
720623f1-f123-4b17-a04c-82dbb559b65f,raptorial.makeup,available,1.8,21.98,high,medium,9,namecheap,,,09/09/2026 10:23
80f161cc-b006-4485-8b9f-5ac4c2c039b9,barytes.makeup,available,1.8,21.98,medium,low,7,namecheap,,,22/09/2026 06:13
4fff8ff9-d5dc-4831-ad06-0bb998406e37,prussian.makeup,available,1.8,21.98,high,low,8,namecheap,,,09/09/2026 04:50
a022bb6c-2d19-475b-b872-9140f2e4968e,loss.makeup,available,1.99,17.29,high,low,4,namesilo,,,30/09/2026 03:21
bbea8682-b374-450c-a203-db1bd5a57669,moroccan.makeup,available,1.8,19.98,high,low,8,namecheap,,,24/08/2026 16:17
c8d52b85-e60b-4dc1-963a-0736b4371c75,ve.makeup,premium,672.95,672.95,high,low,3,spaceship,,,30/09/2026 21:19
f41da602-d124-4ee8-9b57-5f483ed2692c,sealing.makeup,available,1.54,14.21,high,low,7,porkbun,,,30/09/2026 18:36
55929d15-7f72-46c0-9af0-9567311d4f0b,cacophonic.makeup,available,1.8,19.98,low,low,10,namecheap,,,11/08/2026 12:33
5e33496a-ebee-462a-a153-e85233311c9f,selkirk.makeup,available,1.8,21.98,medium,low,7,namecheap,,,18/09/2026 05:50
bf1f5b48-707f-4810-b674-73fa8262a286,swift.makeup,premium,2600,2600,high,high,5,namecheap,,,24/09/2026 20:01
f2fb5782-7a47-484e-a701-706b02cc946b,franciscan.makeup,available,1.8,19.98,high,low,10,namecheap,,,18/08/2026 14:06
17804742-8269-4ddf-8636-665c1d8e844b,ias.makeup,available,1.24,13.97,high,low,3,spaceship,,,29/09/2026 21:40
3c509d6d-0e86-4376-b66c-fe63663e4322,blacksnake.makeup,available,1.99,17.29,medium,low,10,namesilo,,,24/09/2026 01:28
112e9105-f027-4ab1-a5a3-3905061adf2a,zara.makeup,premium,2070.2,2070.2,high,high,4,spaceship,,,30/09/2026 07:49
c39768fe-b047-4619-944e-d32389bd4367,graft.makeup,available,1.99,17.29,high,low,5,namesilo,,,24/09/2026 10:15
c98aa6a3-0092-4eb0-8e7d-5f5217251686,bipolar.makeup,available,1.8,19.98,high,low,7,namecheap,,,10/08/2026 05:30
5edfc094-f59d-486e-a9a8-a673a9a36e5d,arti.makeup,available,1.99,17.29,high,low,4,namesilo,,,02/10/2026 01:43
f956de27-ac02-42ee-90f6-04d8bd21da47,amazons.makeup,available,1.8,21.98,high,low,7,namecheap,,,21/09/2026 05:29
012c2e7c-4561-4618-abc2-762daeefa05a,dita.makeup,available,1.99,17.29,medium,low,4,namesilo,,,18/09/2026 14:25
7ef91d46-077d-4306-b23b-ded63f516e3c,lia.makeup,available,1.24,13.97,high,low,3,spaceship,,,30/09/2026 20:33
0798dfd2-64b2-451d-a54f-c89bf9cec54e,accelerate.makeup,available,1.54,14.21,high,low,10,porkbun,,,29/09/2026 02:40
2309b46e-279a-4c41-b3b2-a6cfc6a80be0,conduit.makeup,available,1.99,17.29,high,low,7,namesilo,,,24/09/2026 17:11
a8b7cbe0-5d97-42d6-b955-f29d51e32fcf,freddie.makeup,available,1.99,17.29,high,low,7,namesilo,,,26/09/2026 03:15
49f273c7-5b9f-469d-84dd-c609bd9c479a,celebration.makeup,available,1.99,17.29,high,low,11,namesilo,,,27/09/2026 02:20
5d6f5af8-4710-4dba-94d0-b1f986da2a1d,tally.makeup,available,1.24,13.97,high,medium,5,spaceship,,,28/09/2026 18:48
9990c1e2-d1bc-4298-b6ba-4b2fe8058d43,sindh.makeup,available,1.24,13.97,medium,low,5,spaceship,,,30/09/2026 13:12
8d10d37c-3321-4481-804c-e43eb9b8ef38,bacca.makeup,available,1.99,17.29,high,low,5,namesilo,,,21/09/2026 13:55
62d6181f-6100-4040-8b82-4e7f9d70ede7,zeal.makeup,available,1.99,17.29,high,low,4,namesilo,,,20/09/2026 03:17
1b35cd21-6c8f-4298-9cee-8e549c69f44f,coccoid.makeup,available,1.8,19.98,medium,low,7,namecheap,,,12/08/2026 14:41
fb341d44-4a14-4824-8c89-1039f0f311c4,schizophrenic.makeup,available,1.54,14.21,medium,low,13,porkbun,,,30/09/2026 12:09
29539eb7-249e-4b93-872c-1e6436cab1ea,nonionic.makeup,available,1.8,21.98,medium,low,8,namecheap,,,03/09/2026 19:33
4b50b2a4-a318-41b9-bbcd-65329c43315f,indebted.makeup,available,1.99,17.29,medium,low,8,namesilo,,,01/10/2026 22:45
2e55b5ec-c528-4c99-a63d-3e28ec0c5a0d,anasa.makeup,available,1.99,17.29,medium,low,5,namesilo,,,19/09/2026 03:09
2fdfff02-8feb-4a6d-ae0a-a9dc5bd24578,bassoonist.makeup,available,1.99,17.29,medium,low,10,namesilo,,,22/09/2026 12:33
bb92faa2-ca1a-4c5e-a447-c57237c79850,northridge.makeup,available,1.24,13.97,medium,low,10,spaceship,,,30/09/2026 14:03
09f6fc62-506d-4942-988a-419d952a2ad1,disordered.makeup,available,1.8,19.98,medium,low,10,namecheap,,,14/08/2026 11:18
c42eb85a-520c-44a1-8ecc-a15cd2dd0def,wishes.makeup,available,1.99,20.99,medium,low,6,name.com,,,25/09/2026 20:13
68e6d83e-fe97-4166-95ea-e99c45f49cf0,individual.makeup,available,1.99,17.29,high,low,10,namesilo,,,23/09/2026 13:06
cc4f795c-84a9-4a20-9b33-98f6d9eb9a9d,devastation.makeup,available,1.24,13.97,medium,low,11,spaceship,,,30/09/2026 06:10
d7dadb56-d608-4eb9-bb2f-e10399dca711,longer.makeup,available,1.8,21.98,high,low,6,namecheap,,,28/09/2026 16:12
e0c14b66-db5b-4681-988e-9bc1440683a5,paulson.makeup,available,1.99,17.29,medium,low,7,namesilo,,,30/09/2026 13:15
b98d9ab6-f12f-4368-8556-b71eb7c7b56f,elton.makeup,available,1.99,17.29,high,low,5,namesilo,,,27/09/2026 19:29
be50a4f1-6a91-42f1-8e92-622759ee3520,decrease.makeup,available,1.99,17.29,medium,low,8,namesilo,,,29/09/2026 00:39
e932bc57-29af-4afb-902b-4455b24d809d,palace.makeup,available,1.24,13.97,high,low,6,spaceship,,,29/09/2026 07:39
b6b1b274-a6be-4e25-a383-c87b82cc8f12,blae.makeup,available,1.8,19.98,medium,low,4,namecheap,,,10/08/2026 12:24
33c668fb-d48a-4485-b6e0-0d8e4312a4cb,manassas.makeup,available,1.54,14.21,medium,low,8,porkbun,,,29/09/2026 22:10
8c0d2b71-8a40-4fc1-89e7-83c8c3bfe334,homo.makeup,available,1.8,19.98,high,low,4,namecheap,,,18/08/2026 20:57
f7d4c893-e560-481f-b149-5907f9bc5135,ava.makeup,premium,812.5,,high,medium,3,name.com,,,
a04a9d6d-26dc-48c8-9f2e-eef4a8c58f08,belong.makeup,available,1.99,17.29,high,low,6,namesilo,,,30/09/2026 15:43
4c0f7d13-34f6-428c-aecd-bf086ca5172a,stalemated.makeup,available,1.99,20.99,low,low,10,name.com,,,13/08/2026 19:29
6faab529-9ba2-4638-928a-706bef23bb3c,cloistered.makeup,available,1.8,19.98,medium,low,10,namecheap,,,12/08/2026 11:48
03717751-d377-4418-8830-2746babe2d57,applesauce.makeup,available,1.8,21.98,high,low,10,namecheap,,,19/09/2026 21:26
3cb7c7b4-a57b-47c7-9957-56124dcf20f2,telephonic.makeup,available,1.8,21.98,medium,low,10,namecheap,,,11/09/2026 10:20
5a1ddd04-6c80-4947-a417-b99006758444,chthonic.makeup,available,1.8,19.98,medium,low,8,namecheap,,,12/08/2026 07:28
5873613d-88dc-46d2-995f-874a361298fc,jupiter.makeup,available,1.24,13.97,high,low,7,spaceship,,,30/09/2026 00:59
b97c53a3-4bba-43f4-b9b9-36b4d47768ec,frieda.makeup,available,1.99,17.29,high,low,6,namesilo,,,01/10/2026 08:48
adfff0fd-fc61-4a82-8590-1a290d2972e1,eastwood.makeup,available,1.99,17.29,high,low,8,namesilo,,,28/09/2026 21:36
ec6ea419-5437-4a51-8239-0a1b0b6c1f06,quadrilateral.makeup,available,1.24,13.97,medium,low,13,spaceship,,,30/09/2026 19:15
24756de1-1eeb-4963-9877-255ab2889005,other.makeup,available,1.99,17.29,high,low,5,namesilo,,,26/09/2026 00:34
fed39d1a-ac9e-4699-b3cb-059f19695c1d,lothian.makeup,available,1.99,17.29,medium,low,7,namesilo,,,30/09/2026 00:22
5bd3f391-1823-44c5-81c4-0ca53bd39c78,beleaguer.makeup,available,1.99,17.29,medium,low,9,namesilo,,,21/09/2026 17:03
a94ba468-5a38-49ff-ba08-6d81e92d7adf,sinistral.makeup,available,1.8,21.98,high,medium,9,namecheap,,,10/09/2026 08:28
5b145aff-4e86-4339-98aa-c624bf109bec,illiterate.makeup,available,1.8,19.98,medium,low,10,namecheap,,,21/08/2026 20:03
0d9de776-e46f-40be-aadd-45e3305183ea,unabridged.makeup,available,1.8,21.98,medium,low,10,namecheap,,,11/09/2026 23:28
ac0ad823-0945-4343-8ec2-27af6c11d228,landscape.makeup,available,1.24,13.97,high,low,9,spaceship,,,01/10/2026 20:25
e9b59a44-31bb-4d8a-8d19-dda20a7e3d97,sonora.makeup,available,1.99,17.29,high,low,6,namesilo,,,27/09/2026 04:12
d120f643-e513-492f-a49c-947ee72232da,gambler.makeup,available,1.99,17.29,high,low,7,namesilo,,,29/09/2026 01:03
7606cad4-af4b-4906-95b9-b7555e0e3559,panel.makeup,available,1.99,17.29,high,low,5,namesilo,,,19/09/2026 11:40
7dc9913f-17a8-4046-8c47-69f4308907b4,dcs.makeup,available,1.99,14.45,high,low,3,dynadot,,,30/09/2026 20:17
f041881c-da86-40e2-a8cd-1e72fc9c1b6e,extremely.makeup,available,1.8,21.98,medium,low,9,namecheap,,,27/09/2026 02:51
8552d824-e02d-4001-b786-47563ad18b60,tokugawa.makeup,available,1.24,13.97,low,low,8,spaceship,,,28/09/2026 09:08
635c46be-6fe1-47cd-9104-64111f6b5c0a,perchance.makeup,available,1.8,21.98,medium,low,9,namecheap,,,14/09/2026 02:12
0d37dbfe-78d0-4b76-b88d-6a0912c6a448,kenny.makeup,available,1.99,17.29,medium,low,5,namesilo,,,26/09/2026 03:38
7562b1cf-7aff-4bbf-897d-d78ab506df87,nobble.makeup,available,1.8,21.98,medium,low,6,namecheap,,,14/09/2026 07:56
7c642d9a-be43-44fa-8552-d53e82bac54f,joewood.makeup,available,1.99,17.29,medium,low,7,namesilo,,,22/09/2026 04:36
acedcce6-4a5c-4938-b4d0-8a01dc56247b,intricate.makeup,available,1.8,21.98,high,low,9,namecheap,,,25/09/2026 10:49
b759bacd-fb49-4255-8312-5a444bc5b4ab,explicitly.makeup,available,1.8,21.98,medium,low,10,namecheap,,,14/09/2026 17:07
f125d69d-9d24-4abc-8ea5-ed674ebbdfe8,ambiance.makeup,available,1.99,17.29,high,low,8,namesilo,,,18/09/2026 16:40
b168681d-84a7-4839-97a1-a8963c93deda,conversations.makeup,available,1.99,17.29,medium,low,13,namesilo,,,28/09/2026 08:58
ff621a16-47e1-47d8-9d8e-af6bde9d4d50,unmatched.makeup,available,1.8,21.98,high,low,9,namecheap,,,25/09/2026 17:47
648e2b24-2072-4d6e-bafb-d120a84db827,ies.makeup,available,1.8,21.98,medium,low,3,namecheap,,,01/10/2026 16:28
c642c062-971b-4128-811b-704a25bc1848,melody.makeup,available,1.8,21.98,high,low,6,namecheap,,,28/09/2026 02:24
12ada9a1-ffa7-4b76-9b3e-f63302406934,convicted.makeup,available,1.24,13.97,medium,low,9,spaceship,,,27/09/2026 23:23
2cc71d00-2042-4490-82e0-affc40a52e1f,rockport.makeup,available,1.99,17.29,medium,low,8,namesilo,,,02/10/2026 01:20
22dfd907-1912-4983-bfed-dff38dcdf081,nobility.makeup,available,1.99,17.29,high,low,8,namesilo,,,20/09/2026 05:50
e9bcf2ae-cfaf-4b40-a99d-005d6b1b0fda,sexless.makeup,available,1.8,21.98,medium,low,7,namecheap,,,10/09/2026 05:17
54bf431d-fd98-4a82-b9d2-813a3015cbd3,grounds.makeup,available,1.8,21.98,high,low,7,namecheap,,,24/09/2026 20:34
335e9911-6f22-4708-ad94-e22d3456375f,hussy.makeup,available,1.99,17.29,medium,low,5,namesilo,,,17/09/2026 10:20
267d9bfe-8025-4a68-9e66-4e69be9e4cc3,swishing.makeup,available,1.99,17.29,high,low,8,namesilo,,,18/09/2026 03:16
a8735b66-6b97-41bf-a77e-3982324a4154,fulfillment.makeup,available,1.54,14.21,high,low,11,porkbun,,,29/09/2026 23:14
0674ea0e-5c77-461b-b944-5666711cd711,nag.makeup,available,1.99,17.29,high,low,3,namesilo,,,24/09/2026 16:35
c2e32157-770e-4dd6-b63b-718cc7388a54,cam.makeup,premium,832,832,high,low,3,namesilo,,,02/10/2026 04:15
0ceaf8ff-c592-4718-9482-08f7ab7c09e3,susquehanna.makeup,available,1.99,17.29,medium,low,11,namesilo,,,27/09/2026 01:59
5a3aa7c7-1995-48a9-b609-cfd1eb75b54d,nutty.makeup,available,1.8,19.98,high,low,5,namecheap,,,06/08/2026 21:27
d19bde40-323d-4ef3-adc6-14bfdd8db52f,nonviolent.makeup,available,1.8,21.98,high,low,10,namecheap,,,03/09/2026 21:04
03131f22-f968-4de2-bed6-2f5d270bd50a,fatless.makeup,available,1.8,19.98,medium,low,7,namecheap,,,17/08/2026 23:27
0825cdd6-97f1-42f6-8114-a4162281d2ad,bifurcate.makeup,available,1.8,19.98,high,low,9,namecheap,,,09/08/2026 20:08
e91c959d-88cb-4b04-884d-72f9618cc55c,murder.makeup,available,1.99,17.29,medium,low,6,namesilo,,,26/09/2026 00:00
d33c0322-fe67-4d99-8371-48bbf16f8bb8,compound.makeup,available,1.8,21.98,high,low,8,namecheap,,,23/09/2026 17:56
d8a82110-801d-4408-be7d-568b5f077adc,falling.makeup,available,1.8,19.98,high,low,7,namecheap,,,14/08/2026 19:49
a4e9bf95-b184-447a-a7d7-95ba9414c8e3,taipeh.makeup,available,1.99,17.29,medium,low,6,namesilo,,,24/09/2026 12:26
06f2c248-39d8-441a-86aa-87a552aad87a,pith.makeup,available,1.8,21.98,high,low,4,namecheap,,,14/09/2026 23:55
64fe2b28-5365-4755-8f9b-06edc2e2904a,out.makeup,available,1.24,13.97,high,low,3,spaceship,,,30/09/2026 17:39
e7acb56a-2cb9-4649-af78-054e56d3881e,antitumor.makeup,available,1.99,17.29,high,low,9,namesilo,,,22/09/2026 06:40
6ee6968f-5c0b-4dc0-a413-86645c56efff,shoemaker.makeup,available,1.24,13.97,medium,low,9,spaceship,,,01/10/2026 19:00
f650686b-3543-4aa8-abac-b49baf96c2aa,riparian.makeup,available,1.8,21.98,high,low,8,namecheap,,,09/09/2026 17:53
46461360-1223-46fc-8197-bdf08e217087,magnesium.makeup,available,1.99,17.29,high,low,9,namesilo,,,20/09/2026 22:22
e4f6919d-6208-4825-9539-2a3612b2c6df,copular.makeup,available,1.8,19.98,medium,low,7,namecheap,,,13/08/2026 00:38
32abb36a-9f91-4a77-92eb-bc2618a406ff,acerbity.makeup,available,1.99,17.29,medium,low,8,namesilo,,,16/09/2026 23:41
58b95000-1d72-4f52-a729-a28c7cfb211a,banded.makeup,available,1.8,19.98,medium,low,6,namecheap,,,08/08/2026 11:40
733df52c-1848-4a5d-a9a0-dc0454a982a5,rainproof.makeup,available,1.8,21.98,high,medium,9,namecheap,,,09/09/2026 09:47
7af55f1a-8b82-40b3-aa40-8773ca51e08a,jaundice.makeup,available,1.99,17.29,medium,low,8,namesilo,,,17/09/2026 03:10
7fa5ce86-c00a-40cc-aef3-3c2efe05db68,annulet.makeup,available,1.99,17.29,medium,low,7,namesilo,,,19/09/2026 10:59
1e3827fa-e309-4413-b5ca-acb14e722516,bettor.makeup,available,1.99,17.29,medium,low,6,namesilo,,,23/09/2026 11:49
e0334f5b-fb5b-4fa8-bb0d-b1b3433eadc4,savagely.makeup,available,1.8,21.98,medium,low,8,namecheap,,,14/09/2026 01:43
05559ccf-eba9-4b5e-8ce4-913fe6891049,town.makeup,premium,2070.2,2070.2,high,low,4,spaceship,,,30/09/2026 00:27
697738f3-7087-45a0-aa19-5d3b1f7fc16e,xia.makeup,premium,672.95,672.95,medium,low,3,spaceship,,,29/09/2026 22:40
cc204fc8-3146-4106-9671-a97ba1f9291f,unfriendly.makeup,available,1.8,19.98,medium,low,10,namecheap,,,22/08/2026 05:19
e54fde28-a436-44c3-a0c1-63b131a13222,withered.makeup,available,1.8,19.98,medium,low,8,namecheap,,,14/08/2026 19:11
f9ffc677-173c-475e-a334-00e4b536c6d8,scottish.makeup,available,1.8,21.98,high,low,8,namecheap,,,09/09/2026 23:35
9a7b19b4-ae69-4057-bc64-455b9d7cb2be,jamal.makeup,available,1.24,13.97,medium,low,5,spaceship,,,29/09/2026 03:56
b58050ac-410c-4954-aeb0-770ad284ac2a,aeroplane.makeup,available,1.8,21.98,high,low,9,namecheap,,,08/09/2026 20:39
de03bb00-1c21-4ccf-9410-890692b9adda,rhonda.makeup,available,1.24,13.97,high,low,6,spaceship,,,30/09/2026 21:11
c3fe582a-c60e-4086-819d-70c35cea6d75,kroeber.makeup,available,1.99,17.29,medium,low,7,namesilo,,,18/09/2026 06:35
059c8300-c5d8-4c3e-b794-6b417230af02,beating.makeup,available,1.24,13.97,high,low,7,spaceship,,,28/09/2026 10:26
11125cb1-7ff6-4953-b33c-e6a7087262b5,sponge.makeup,available,1.8,19.98,high,low,6,namecheap,,,11/08/2026 09:32
e2c570c6-5d6e-4cd7-a8f4-73285cd87b01,stairs.makeup,available,1.24,13.97,high,low,6,spaceship,,,30/09/2026 11:47
463e28b8-01be-4d51-a798-151b678a204c,hires.makeup,available,1.99,17.29,high,low,5,namesilo,,,30/09/2026 05:35
2b0a44dd-1cef-4819-bc07-ea9ffbd4d238,genocide.makeup,available,1.99,25.99,high,low,8,godaddy,,,30/09/2026 01:43
36d186d5-982f-444f-a4ed-c64fe0071f9c,damon.makeup,available,1.8,21.98,medium,low,5,namecheap,,,28/09/2026 18:52
21c3f540-79bf-4e55-9f2d-681407617920,cheever.makeup,available,1.99,17.29,medium,low,7,namesilo,,,02/10/2026 04:19
c0de5242-c57b-42c6-a67f-99c3b7a0350f,unproven.makeup,available,1.8,21.98,medium,low,8,namecheap,,,12/09/2026 17:33
e17db3cc-64ba-4edc-8908-70bb37a4faea,snicker.makeup,available,1.99,17.29,medium,low,7,namesilo,,,30/09/2026 11:19
e835fef2-4680-4735-abd5-204602ce94ed,ford.makeup,premium,2070.2,2070.2,high,high,4,spaceship,,,29/09/2026 17:45
061cc3ee-56a5-4236-be82-c2ab63511172,unclothed.makeup,available,1.8,21.98,medium,low,9,namecheap,,,12/09/2026 05:30
d935df2d-1d8c-4b65-b34d-cc033b945ecb,spectrum.makeup,premium,2660,2660,high,high,8,namesilo,,,29/09/2026 02:13
1c61432b-d98e-4ed7-8819-593915a6ea10,cernuous.makeup,available,1.8,19.98,medium,low,8,namecheap,,,12/08/2026 00:44
c7c07ef8-eeba-4509-9c81-e2a030a6d2fd,mika.makeup,available,1.99,17.29,high,low,4,namesilo,,,02/10/2026 02:51
a0f1affc-fe04-4c19-9bf6-d17ef4fea369,pva.makeup,available,1.24,13.97,high,low,3,spaceship,,,30/09/2026 18:22
1027e595-4f3b-43c9-b7dc-8dc25e6e66fd,comeback.makeup,available,1.8,21.98,high,low,8,namecheap,,,29/09/2026 18:25
d7f8eeb3-f752-437c-9c16-2537f7f874a2,amidst.makeup,available,1.99,17.29,medium,low,6,namesilo,,,30/09/2026 11:35